region,part,area_px,fill,fill_party,printed,tesseract,in_committed_trace_as,lon,lat
"440,1296,1210,1863:179767",main,179767,#528d6b,IJM,NA-204,NA-4,NA-204,64.872,27.8502
"558,2286,1158,2873:170828",box,170828,#484848,PPP,NA-196,NA-196,NA-196,67.4293,25.0232
"653,1548,1224,2133:159040",main,159040,#e879f0,BNM-M,NA-205,NA-4,NA-205,66.4493,27.2458
"153,1242,1198,1687:141448",main,141448,#ff7f27,PKMAP,NA-197,NA-197,,63.073,28.8275
"76,2356,996,2838:129547",box,129547,#228b22,PML-N,NA-184,NA-138,NA-184,66.8001,24.9645
"246,1802,876,2129:114894",main,114894,#bb16c9,BNM-H,NA-207,NA-207,NA-207,63.6418,26.1618
"1159,1214,1591,1660:92126",main,92126,#ffaec9,JWP,NA-202,NA-202,NA-202,68.7721,29.1363
"1198,966,1635,1232:72212",main,72212,#ff7f27,PKMAP,NA-200,NA-200,NA-200,68.2357,31.1851
"237,1922,1230,2232:68564",main,68564,#484848,PPP,NA-206,NA-4,,67.0304,25.526
"1245,1049,1689,1446:61288",main,61288,#528d6b,IJM,NA-199,NA-199,NA-199,69.6733,30.8371
"1802,1400,2135,1770:59178",main,59178,#484848,PPP,NA-143,NA-17,NA-143,71.5435,28.5099
"1860,104,2351,404:46890",main,46890,#0080ff,PIF,NA-24,NA-24,NA-24,71.724,35.9686
"1155,1338,1340,1755:40051",main,40051,#ffaec9,JWP,NA-201,NA-201,NA-201,67.5649,28.5333
"386,2549,682,2844:37785",box,37785,#484848,PPP,NA-185,NA-185,NA-185,67.0011,25.0126
"1467,2096,1771,2332:33480",main,33480,#484848,PPP,NA-176,NA-176,NA-176,70.3048,25.1549
"1363,1833,1658,2036:31264",main,31264,#484848,PPP,NA-163,NA-163,NA-163,69.0838,26.7416
"1008,1078,1259,1307:29197",main,29197,#ff7f27,PKMAP,NA-198,NA-198,NA-198,66.8566,30.8112
"1656,892,1889,1123:26891",main,26891,#528d6b,IJM,NA-18,NA-18,NA-18,70.4979,31.8351
"1610,1109,1781,1361:25645",main,25645,#484848,PPP,NA-132,NA-132,NA-132,70.3007,30.4349
"1513,1428,1736,1652:25252",main,25252,#a6caf0,Independent,NA-134,NA-134,NA-134,69.9501,28.902
"2134,285,2361,460:24602",main,24602,#a6caf0,Independent,NA-17,NA-17,NA-17,73.0997,35.3389
"1585,1313,1790,1484:23015",main,23015,#484848,PPP,NA-133,NA-133,NA-133,70.2197,29.6065
"1203,2004,1389,2221:22140",main,22140,#484848,PPP,NA-179,NA-179,,67.9436,25.8043
"1789,1006,2006,1154:19764",main,19764,#a6caf0,Independent,NA-56,NA-4,NA-56,71.4327,31.4688
"2040,274,2186,545:17786",main,17786,#fd5335,PKQP,NA-22,NA-22,NA-22,72.495,35.6629
"1609,1627,1835,1789:17680",main,17680,#228b22,PML-N,NA-149,NA-4,NA-149,70.6378,28.0931
"1507,378,1704,510:17074",box,17074,#484848,PPP,NA-1,NA-1,NA-1,,
"1525,736,1769,895:17074",main,17074,#a6caf0,Independent,NA-30,NA-4,NA-30,69.8418,32.7478
"1511,864,1698,1022:16605",main,16605,#a6caf0,Independent,NA-31,NA-31,NA-31,69.6135,32.227
"1208,2148,1378,2387:16134",main,16134,#484848,PPP,NA-182,NA-182,NA-182,67.7815,24.7348
"3166,1161,3366,1358:15877",box,15877,#228b22,PML-N,NA-96,NA-95,NA-95,74.5192,31.4083
"1772,1106,1969,1265:15561",main,15561,#484848,PPP,NA-139,NA-139,NA-139,71.44,30.8138
"760,2477,966,2628:15213",box,15213,#228b22,PML-N,NA-192,NA-192,NA-192,67.255,25.1268
"1919,296,2072,485:14647",main,14647,#0080ff,PIF,NA-25,NA-25,NA-25,71.8902,35.1379
"1474,2021,1671,2135:14506",main,14506,#228b22,PML-N,NA-181,NA-181,NA-181,69.404,25.9563
"1278,1575,1502,1740:13898",main,13898,#a6caf0,Independent,NA-203,NA-4,NA-156,68.2192,28.2506
"1274,2209,1425,2388:13576",main,13576,#a6caf0,Independent,NA-183,NA-183,NA-183,68.3344,24.5674
"605,2718,788,2909:13574",box,13574,#228b22,PML-N,NA-191,NA-191,NA-191,67.1382,24.8233
"1953,692,2141,819:13183",main,13183,#228b22,PML-N,NA-42,NA-42,NA-42,72.1036,33.3063
"1499,2094,1681,2251:12235",main,12235,#484848,PPP,NA-175,NA-176,,69.9446,25.6562
"1731,682,1999,797:11918",main,11918,#228b22,PML-N,NA-9,NA-9,NA-9,71.1288,33.4379
"2043,1432,2222,1586:11794",main,11794,#484848,PPP,NA-146,NA-146,NA-146,72.9446,29.3962
"2087,780,2242,895:11773",main,11773,#228b22,PML-N,NA-43,NA-43,NA-43,72.7928,32.8663
"1184,1910,1305,2048:11307",main,11307,#484848,PPP,NA-178,NA-4,NA-179,67.6281,26.4539
"1963,873,2148,981:11170",main,11170,#228b22,PML-N,NA-51,NA-51,NA-51,72.4106,32.3396
"2165,405,2393,525:11140",main,11140,#228b22,PML-N,NA-16,NA-16,NA-16,73.5408,34.8191
"733,2747,953,2834:11132",box,11132,#484848,PPP,NA-195,NA-4,NA-195,67.217,24.8234
"1713,816,1874,941:10622",main,10622,#228b22,PML-N,NA-20,NA-20,NA-20,70.7853,32.5057
"1506,1671,1670,1799:10589",main,10589,#484848,PPP,NA-153,NA-153,NA-153,69.6853,27.693
"1940,948,2068,1087:10472",main,10472,#228b22,PML-N,NA-52,NA-52,NA-52,71.9976,31.8939
"1843,760,2001,900:9981",main,9981,#a6caf0,Independent,NA-53,NA-53,NA-53,71.2917,32.7564
"2000,622,2162,744:9728",main,9728,#228b22,PML-N,NA-41,NA-41,NA-41,72.426,33.7539
"1622,624,1780,746:9628",main,9628,#a6caf0,Independent,NA-28,NA-28,NA-28,70.2893,33.5247
"1190,1738,1322,1852:9475",main,9475,#484848,PPP,NA-166,NA-6,NA-178,67.6777,27.3773
"1858,855,1994,969:9459",main,9459,#a6caf0,Independent,NA-54,NA-54,NA-54,71.5286,32.3217
"1976,785,2103,902:9270",main,9270,#484848,PPP,NA-44,NA-44,NA-44,72.1958,32.8387
"662,2667,843,2760:9265",box,9265,#484848,PPP,NA-194,NA-194,NA-194,67.1832,24.9202
"3193,1034,3366,1164:8999",box,8999,#228b22,PML-N,NA-94,NA-94,NA-94,74.4944,31.5666
"1704,1514,1826,1641:8863",main,8863,#484848,PPP,NA-147,NA-147,NA-147,70.6772,28.7137
"3077,1230,3210,1366:8759",box,8759,#228b22,PML-N,NA-97,NA-97,NA-97,74.2811,31.3554
"1183,1827,1321,1922:8692",main,8692,#484848,PPP,NA-177,NA-177,NA-177,67.6191,26.933
"1451,1776,1642,1868:8225",main,8225,#228b22,PML-N,NA-152,NA-152,NA-152,69.3584,27.3842
"1388,1985,1500,2111:8145",main,8145,#228b22,PML-N,NA-180,NA-180,NA-180,68.8547,26.0152
"1772,743,1912,848:8058",main,8058,#27cd59,MDM,NA-10,NA-4,NA-10,70.9933,33.0803
"1436,1640,1602,1742:8022",main,8022,#484848,PPP,NA-157,NA-157,NA-157,69.0966,28.0086
"1771,1233,1961,1325:7922",main,7922,#228b22,PML-N,NA-135,NA-135,NA-135,70.8571,30.3392
"1729,571,1912,681:7603",main,7603,#a6caf0,Independent,NA-33,NA-33,NA-33,71.1422,33.9845
"3050,1150,3181,1270:7528",box,7528,#228b22,PML-N,NA-98,NA-98,NA-98,74.1734,31.4651
"2001,1042,2106,1182:7083",main,7083,#27cd59,MDM,NA-68,NA-68,NA-68,72.1766,31.3021
"1825,500,1948,607:6804",main,6804,#a6caf0,Independent,NA-27,NA-27,NA-27,71.3015,34.3656
"674,2491,773,2602:6736",box,6736,#228b22,PML-N,NA-186,NA-186,NA-186,67.1839,25.1842
"2587,1338,2748,1407:6732",box,6732,#228b22,PML-N,NA-65,NA-65,NA-65,73.4178,30.9249
"2197,884,2352,977:6697",main,6697,#484848,PPP,NA-84,NA-84,NA-84,73.3967,32.4
"1822,955,1967,1028:6591",main,6591,#228b22,PML-N,NA-55,NA-55,NA-55,71.2396,31.9202
"2095,1360,2236,1445:6458",main,6458,#484848,PPP,NA-145,NA-145,NA-145,73.0882,29.7885
"1364,2221,1475,2326:6328",main,6328,#484848,PPP,NA-173,NA-173,NA-173,68.6988,24.8559
"1941,454,2047,565:6281",main,6281,#a47b75,PPP,NA-26,NA-26,NA-26,71.8806,34.6294
"1751,1353,1866,1466:6265",main,6265,#a6caf0,Independent,NA-137,NA-137,NA-137,70.9253,29.6829
"3122,1120,3244,1243:6210",box,6210,#228b22,PML-N,NA-95,NA-95,,74.3639,31.4985
"1306,1665,1468,1751:6174",main,6174,#484848,PPP,NA-156,NA-154,NA-154,68.6521,28.0277
"2213,615,2300,748:6160",main,6160,#228b22,PML-N,NA-36,NA-36,NA-36,73.446,33.5816
"1764,1165,1863,1256:6083",main,6083,#484848,PPP,NA-140,NA-140,NA-140,70.8611,30.6944
"729,2595,879,2682:6012",box,6012,#228b22,PML-N,NA-193,NA-193,NA-193,67.2481,25.0172
"661,2558,770,2661:5975",box,5975,#228b22,PML-N,NA-187,NA-187,NA-187,67.1632,25.0901
"1350,1778,1457,1875:5973",main,5973,#484848,PPP,NA-162,NA-4,NA-162,68.6092,27.2686
"1650,773,1801,958:5956",main,5956,#a6caf0,Independent,NA-34,NA-34,NA-34,70.1368,32.3276
"1422,2173,1525,2292:5886",main,5886,#484848,PPP,NA-172,NA-172,NA-172,69.0468,25.0953
"2056,1042,2171,1144:5814",main,5814,#484848,PPP,NA-67,NA-67,NA-67,72.5659,31.4471
"1930,1136,2028,1265:5812",main,5812,#484848,PPP,NA-70,NA-70,NA-70,71.882,31.015
"627,2603,731,2712:5659",box,5659,#0080ff,PIF,NA-188,NA-188,NA-188,67.1259,25.0044
"2173,728,2297,806:5555",main,5555,#228b22,PML-N,NA-37,NA-37,NA-37,73.1993,33.2524
"1774,1278,1905,1368:5541",main,5541,#c76503,NDA,NA-136,NA-136,NA-136,70.9686,30.0554
"2559,1249,2664,1356:5536",box,5536,#228b22,PML-N,NA-63,NA-63,NA-63,72.9698,31.3802
"2275,1219,2408,1316:5523",main,5523,#228b22,PML-N,NA-113,NA-13,,73.913,30.5088
"2026,417,2110,529:5485",main,5485,#228b22,PML-N,NA-21,NA-21,NA-21,72.3206,34.8226
"2037,968,2182,1080:5483",main,5483,#228b22,PML-N,NA-50,NA-49,NA-49,72.4426,31.8443
"2209,1313,2339,1398:5446",main,5446,#228b22,PML-N,NA-144,NA-144,NA-144,73.711,30.1559
"1792,1476,1936,1549:5437",main,5437,#228b22,PML-N,NA-141,NA-141,NA-141,71.1563,29.1343
"1717,1441,1825,1571:5398",main,5398,#484848,PPP,NA-138,NA-138,NA-138,70.6692,29.2025
"1628,1010,1716,1149:5265",main,5265,#a6caf0,Independent,NA-34,NA-34,,69.9836,31.5463
"1644,1586,1748,1678:5260",main,5260,#484848,PPP,NA-148,NA-148,NA-148,70.2287,28.4037
"1457,2103,1539,2212:5245",main,5245,#484848,PPP,NA-174,NA-174,NA-174,69.2044,25.4544
"1422,1738,1520,1836:5127",main,5127,#484848,PPP,NA-151,NA-4,NA-151,68.9876,27.4975
"2120,833,2296,924:5121",main,5121,#228b22,PML-N,NA-46,NA-46,NA-46,73.4872,32.77
"1871,1400,1972,1489:5109",main,5109,#484848,PPP,NA-118,NA-118,NA-118,71.5084,29.4674
"2111,1005,2227,1090:5011",main,5011,#484848,PPP,NA-66,NA-66,NA-66,72.9526,31.6687
"2244,1007,2349,1105:5000",main,5000,#484848,PPP,NA-104,NA-104,NA-104,73.6527,31.6743
"1301,1962,1379,2061:4962",main,4962,#484848,PPP,NA-161,NA-4,NA-161,68.1882,26.3148
"1951,1355,2058,1448:4903",main,4903,#484848,PPP,NA-131,NA-117,NA-117,72.12,29.8364
"2184,488,2279,581:4830",main,4830,#228b22,PML-N,NA-14,NA-14,NA-14,73.2358,34.5363
"1952,606,2051,688:4801",main,4801,#484848,PPP,NA-4,NA-4,NA-4,71.9313,33.8873
"2026,1210,2155,1272:4631",main,4631,#228b22,PML-N,NA-73,NA-73,NA-73,72.6421,30.6571
"1358,1959,1452,2050:4629",main,4629,#484848,PPP,NA-160,NA-160,NA-160,68.5912,26.382
"2218,964,2325,1045:4623",main,4623,#484848,PPP,NA-75,NA-75,NA-75,73.4511,31.9783
"2211,770,2320,854:4562",main,4562,#228b22,PML-N,NA-45,NA-45,NA-45,73.4712,33.042
"1919,1366,2033,1467:4557",main,4557,#484848,PPP,NA-117,NA-17,NA-131,71.8344,29.6691
"1143,2114,1247,2244:4548",main,4548,#484848,PPP,NA-196,NA-196,,67.5267,25.1021
"2724,1016,2830,1106:4541",box,4541,#228b22,PML-N,NA-38,NA-38,NA-38,,
"2031,1331,2125,1407:4400",main,4400,#228b22,PML-N,NA-130,NA-130,NA-130,72.4647,29.9475
"2161,1283,2258,1374:4378",main,4378,#484848,PPP,NA-128,NA-4,NA-128,73.2134,30.234
"2250,1076,2381,1174:4317",main,4317,#484848,PPP,NA-105,NA-105,NA-105,73.9047,31.4393
"2101,1306,2187,1400:4272",main,4272,#484848,PPP,NA-129,NA-129,NA-129,72.8195,30.0813
"2038,556,2146,644:4207",main,4207,#528d6b,IJM,NA-8,NA-8,NA-8,72.3139,34.1064
"1927,1451,2041,1516:4121",main,4121,#228b22,PML-N,NA-142,NA-142,NA-142,71.8058,29.25
"3108,1033,3206,1146:4095",box,4095,#228b22,PML-N,NA-92,NA-92,NA-92,74.3038,31.6332
"1937,1241,2042,1315:4040",main,4040,#484848,PPP,NA-121,NA-121,NA-121,71.89,30.4219
"1865,457,1968,537:3956",main,3956,#a6caf0,Independent,NA-32,NA-32,NA-32,71.3922,34.717
"2044,513,2143,597:3940",main,3940,#9b2b2b,ANP,NA-23,NA-23,NA-23,72.552,34.4023
"1590,1624,1678,1711:3935",main,3935,#228b22,PML-N,NA-150,NA-150,NA-150,69.8832,28.1534
"2136,487,2198,599:3905",main,3905,#228b22,PML-N,NA-15,NA-15,NA-15,72.8611,34.3385
"1752,645,1892,713:3905",main,3905,#a6caf0,Independent,NA-29,NA-29,NA-29,70.8967,33.5674
"2013,1269,2087,1353:3875",main,3875,#484848,PPP,NA-123,NA-123,NA-123,72.2871,30.3013
"2215,1254,2308,1334:3783",main,3783,#484848,PPP,NA-127,NA-127,NA-127,73.5311,30.399
"2109,595,2210,682:3772",main,3772,#228b22,PML-N,NA-13,NA-39,NA-39,72.9331,33.9738
"2273,843,2365,917:3751",main,3751,#484848,PPP,NA-83,NA-83,NA-83,73.7457,32.6965
"2375,1166,2456,1253:3730",main,3730,#228b22,PML-N,NA-107,NA-4,NA-109,74.3356,30.9567
"2291,794,2410,878:3695",main,3695,#484848,PPP,NA-82,NA-82,NA-82,74.0562,32.8713
"2131,1176,2224,1243:3651",main,3651,#484848,PPP,NA-60,,NA-60,72.9145,30.8349
"1304,1741,1395,1823:3601",main,3601,#484848,PPP,NA-164,NA-164,NA-164,68.222,27.4973
"2002,1154,2073,1244:3588",main,3588,#484848,PPP,NA-69,NA-69,NA-69,72.1681,30.904
"2148,953,2247,1023:3581",main,3581,#484848,PPP,NA-48,NA-48,NA-48,73.1284,32.0536
"2330,1025,2418,1112:3417",main,3417,#228b22,PML-N,NA-103,NA-103,NA-103,74.0418,31.6805
"2067,1261,2160,1340:3416",main,3416,#484848,PPP,NA-126,NA-126,NA-126,72.6266,30.3686
"2412,1115,2510,1202:3397",main,3397,#1b96bc,PML-J,NA-106,NA-206,NA-107,74.5984,31.1624
"2133,896,2223,974:3357",main,3357,#228b22,PML-N,NA-47,NA-47,NA-47,72.9452,32.3276
"2629,1277,2712,1343:3353",box,3353,#228b22,PML-N,NA-64,NA-64,NA-64,73.3538,31.3803
"2126,1235,2221,1302:3351",main,3351,#484848,PPP,NA-125,NA-125,NA-125,72.9291,30.4994
"2500,911,2601,972:3350",main,3350,#228b22,PML-N,NA-89,NA-89,NA-89,74.9752,32.4576
"2270,938,2369,1012:3326",main,3326,#228b22,PML-N,NA-79,NA-79,NA-79,73.6696,32.2079
"2176,1200,2253,1273:3325",main,3325,#484848,PPP,NA-124,NA-124,NA-124,73.264,30.6865
"2122,706,2208,788:3279",main,3279,#228b22,PML-N,NA-40,NA-40,NA-40,72.8157,33.2669
"1359,2044,1439,2141:3203",main,3203,#484848,PPP,NA-167,NA-167,NA-167,68.6237,25.6682
"1956,1302,2030,1369:3197",main,3197,#228b22,PML-N,NA-122,NA-122,NA-122,71.9264,30.1301
"2399,946,2485,1019:3184",main,3184,#1b96bc,PML-J,NA-77,NA-77,NA-77,74.4199,32.1096
"1290,1910,1369,1974:3160",main,3160,#484848,PPP,NA-159,NA-4,NA-159,68.1054,26.6482
"2189,1131,2264,1202:3144",main,3144,#484848,PPP,NA-59,NA-59,NA-59,73.2413,31.1191
"2166,556,2278,627:3140",main,3140,#228b22,PML-N,NA-11,NA-11,NA-11,73.3578,34.2839
"1358,1713,1422,1795:3127",main,3127,#484848,PPP,NA-154,NA-154,,68.4849,27.6499
"2210,1096,2311,1145:3117",main,3117,#484848,PPP,NA-58,NA-58,NA-58,73.5461,31.3371
"2312,1140,2391,1221:3113",main,3113,#484848,PPP,NA-109,NA-4,NA-108,74.0187,31.0236
"2239,1146,2333,1211:3106",main,3106,#484848,PPP,NA-110,NA-100,NA-100,73.6342,31.0332
"2317,896,2419,971:3065",main,3065,#1b96bc,PML-J,NA-74,NA-74,NA-74,73.9302,32.3202
"1305,1866,1388,1928:3044",main,3044,#c9735a,NPP,NA-158,NA-158,NA-158,68.2821,26.8952
"1291,1804,1361,1874:3020",main,3020,#484848,PPP,NA-165,NA-163,,68.1115,27.2093
"2349,1122,2454,1180:3010",main,3010,#1b96bc,PML-J,NA-108,NA-4,NA-106,74.1504,31.2373
"2138,1106,2213,1184:2921",main,2921,#484848,PPP,NA-61,NA-61,NA-61,72.948,31.1137
"2154,663,2248,732:2899",main,2899,#228b22,PML-N,NA-35,NA-35,NA-35,73.1646,33.7049
"2190,599,2260,662:2866",main,2866,#228b22,PML-N,NA-12,NA-12,NA-12,73.2009,34.0244
"1884,1283,1966,1365:2849",main,2849,#484848,PPP,NA-120,NA-114,NA-114,71.5638,30.2313
"1917,548,1991,624:2816",main,2816,#9b2b2b,ANP,NA-5,NA-35,NA-5,71.6302,34.2063
"2408,991,2505,1061:2796",main,2796,#484848,PPP,NA-101,,NA-91,74.567,31.9179
"1893,626,1980,682:2793",main,2793,#9b2b2b,ANP,NA-3,NA-3,NA-3,71.535,33.8223
"1973,536,2074,588:2789",main,2789,#484848,PPP,NA-7,NA-7,NA-7,72.1001,34.34
"2046,1177,2150,1226:2774",main,2774,#484848,PPP,NA-72,NA-72,NA-72,72.4927,30.861
"2281,1200,2368,1257:2700",main,2700,#228b22,PML-N,NA-112,NA-112,NA-112,73.8759,30.7985
"1351,2182,1443,2243:2643",main,2643,#484848,PPP,NA-171,NA-171,NA-171,68.457,25.2056
"1720,796,1808,850:2636",main,2636,#228b22,PML-N,NA-19,NA-19,NA-19,70.5265,32.8429
"1413,2100,1471,2183:2623",main,2623,#228b22,PML-N,NA-168,NA-4,NA-175,68.8497,25.5334
"1414,1713,1490,1777:2582",main,2582,#484848,PPP,NA-155,NA-155,NA-155,68.779,27.7333
"1872,662,1979,715:2582",main,2582,#a6caf0,Independent,NA-34,NA-34,,71.352,33.6556
"2081,1117,2160,1184:2569",main,2569,#484848,PPP,NA-71,NA-71,NA-71,72.6491,31.0814
"2201,1042,2275,1104:2554",main,2554,#228b22,PML-N,NA-57,NA-57,NA-57,73.2811,31.621
"2543,928,2631,989:2550",main,2550,#228b22,PML-N,NA-90,NA-4,NA-90,75.2286,32.3056
"1863,1347,1952,1393:2467",main,2467,#228b22,PML-N,NA-115,NA-115,NA-115,71.4103,29.8645
"2338,982,2414,1034:2467",main,2467,#484848,PPP,NA-78,NA-78,NA-78,74.1197,32.0106
"2245,1201,2310,1274:2396",main,2396,#228b22,PML-N,NA-111,NA-111,NA-111,73.5487,30.7952
"2100,950,2163,1010:2382",main,2382,#228b22,PML-N,NA-49,NA-49,,72.7028,32.0809
"1817,1424,1879,1487:2337",main,2337,#228b22,PML-N,NA-119,NA-4,NA-120,71.166,29.4119
"2447,1046,2505,1124:2336",main,2336,#484848,PPP,NA-100,NA-4,NA-96,74.6844,31.5625
"2486,960,2574,1011:2267",main,2267,#228b22,PML-N,NA-91,NA-4,,74.8801,32.1538
"2389,840,2460,902:2234",main,2234,#484848,PPP,NA-80,NA-80,NA-80,74.309,32.7602
"567,2694,667,2732:2217",box,2217,#484848,PPP,NA-189,NA-189,NA-189,67.0749,24.9243
"2741,1844,2791,1888:2200",box,2200,#0080ff,PIF,,,,,
"2741,1626,2791,1670:2200",box,2200,#228b22,PML-N,,,,,
"2741,1681,2791,1725:2200",box,2200,#1b96bc,PML-J,,,,,
"2741,2010,2791,2054:2200",box,2200,#27cd59,MDM,,,,,
"2741,1571,2791,1615:2200",box,2200,#484848,PPP,,,,,
"2741,1736,2791,1780:2200",box,2200,#528d6b,IJM,,,,,
"2741,2065,2791,2109:2200",box,2200,#a47b75,PPP,,,,,
"2741,2397,2791,2441:2200",box,2200,#a6caf0,Independent,,,,,
"2741,2120,2791,2164:2200",box,2200,#bb16c9,BNM-H,,,,,
"2741,2230,2791,2274:2200",box,2200,#c76503,NDA,,,,,
"2741,2341,2791,2385:2200",box,2200,#c9735a,NPP,,,,,
"2741,2175,2791,2219:2200",box,2200,#e879f0,BNM-M,,,,,
"2741,2285,2791,2329:2200",box,2200,#fd5335,PKQP,,,,,
"2741,1899,2791,1943:2200",box,2200,#ff7f27,PKMAP,,,,,
"2741,1954,2791,1998:2200",box,2200,#ffaec9,JWP,,,,,
"2332,870,2403,927:2191",main,2191,#484848,PPP,NA-81,NA-81,NA-81,73.9992,32.5742
"1842,1380,1926,1432:2165",main,2165,#228b22,PML-N,NA-116,NA-116,NA-116,71.2409,29.6603
"2741,1790,2791,1833:2150",box,2150,#9b2b2b,ANP,,,,,
"2378,1082,2458,1141:2092",main,2092,#228b22,PML-N,NA-99,NA-99,NA-99,74.3279,31.443
"2444,849,2505,916:1992",main,1992,#228b22,PML-N,NA-85,NA-85,NA-85,74.6462,32.6874
"2411,886,2467,948:1977",main,1977,#1b96bc,PML-J,NA-86,NA-86,NA-86,74.416,32.5381
"2423,930,2501,987:1953",main,1953,#228b22,PML-N,NA-87,NA-87,NA-87,74.5345,32.328
"3160,1091,3223,1149:1901",box,1901,#228b22,PML-N,NA-93,NA-93,NA-93,74.3556,31.5763
"1973,570,2046,618:1820",main,1820,#484848,PPP,NA-6,NA-6,NA-6,72.0327,34.1281
"2460,906,2510,965:1568",main,1568,#1b96bc,PML-J,NA-88,NA-88,NA-88,74.742,32.4651
"1373,2160,1440,2198:1531",main,1531,#484848,PPP,NA-170,NA-170,NA-170,68.6721,25.3515
"2371,1025,2435,1079:1526",main,1526,#484848,PPP,NA-102,NA-4,NA-101,74.3189,31.7999
"2361,941,2410,985:1455",main,1455,#228b22,PML-N,NA-76,NA-76,NA-76,74.1601,32.2463
"2129,643,2175,727:1425",main,1425,#228b22,PML-N,NA-39,NA-39,,72.7459,33.8282
"580,2724,656,2758:1419",box,1419,#484848,PPP,NA-190,NA-190,NA-190,67.0844,24.8808
"1873,1324,1935,1361:1382",main,1382,#484848,PPP,NA-114,NA-14,NA-119,71.4932,30.0319
"1891,586,1955,632:1368",main,1368,#484848,PPP,NA-2,NA-2,NA-2,71.4124,34.0769
"2152,1077,2224,1126:1322",main,1322,#484848,PPP,NA-62,NA-62,NA-62,73.0091,31.454
"2419,1056,2461,1103:1065",main,1065,#c3c3c3,,,,NA-102,74.466,31.6247
"1372,2137,1416,2170:864",main,864,#484848,PPP,NA-169,NA-169,NA-169,68.5464,25.5075
"1552,1693,1573,1727:289",main,289,#228b22,PML-N,,,,69.4459,27.9862
"1560,1673,1578,1704:191",main,191,#228b22,PML-N,,,,69.5442,28.056
