na,constituency_name,districts
NA-1,Peshawar,Peshawar
NA-2,Peshawar,Peshawar
NA-3,Peshawar,Peshawar
NA-4,Peshawar,Peshawar
NA-5,Peshawar,Peshawar
NA-6,Mardan,Mardan
NA-7,Mardan,Mardan
NA-8,Mardan,Mardan
NA-9,Mardan,Mardan
NA-10,Kohat,Kohat
NA-11,Kohat,Kohat
NA-12,Abbottabad,Abbottabad
NA-13,Abbottabad,Abbottabad
NA-14,Abbottabad,Abbottabad
NA-15,Mansehra,Mansehra
NA-16,Mansehra,Mansehra
NA-17,Mansehra Kohistan,Mansehra;Kohistan
NA-18,Dera Ismail Khan,Dera Ismail Khan
NA-19,Bannu,Bannu
NA-20,Bannu,Bannu
NA-21,Swat I,Swat
NA-22,Swat,Swat
NA-23,Swat,Swat
NA-24,Chitral Dir,Chitral;Lower Dir;Upper Dir
NA-25,Malakand Dir,Malakand;Lower Dir;Upper Dir
NA-26,Dir,Lower Dir;Upper Dir
NA-27,Tribal Area,Bajaur Agency;Khyber Agency;Kurram Agency;Mohmand Agency;North Waziristan Agency;Orakzai Agency;South Waziristan Agency
NA-28,Tribal Area,Bajaur Agency;Khyber Agency;Kurram Agency;Mohmand Agency;North Waziristan Agency;Orakzai Agency;South Waziristan Agency
NA-29,Tribal Area,Bajaur Agency;Khyber Agency;Kurram Agency;Mohmand Agency;North Waziristan Agency;Orakzai Agency;South Waziristan Agency
NA-30,Tribal Area,Bajaur Agency;Khyber Agency;Kurram Agency;Mohmand Agency;North Waziristan Agency;Orakzai Agency;South Waziristan Agency
NA-31,Tribal Area,Bajaur Agency;Khyber Agency;Kurram Agency;Mohmand Agency;North Waziristan Agency;Orakzai Agency;South Waziristan Agency
NA-32,Tribal Area,Bajaur Agency;Khyber Agency;Kurram Agency;Mohmand Agency;North Waziristan Agency;Orakzai Agency;South Waziristan Agency
NA-33,Tribal Area,Bajaur Agency;Khyber Agency;Kurram Agency;Mohmand Agency;North Waziristan Agency;Orakzai Agency;South Waziristan Agency
NA-34,Tribal Area,Bajaur Agency;Khyber Agency;Kurram Agency;Mohmand Agency;North Waziristan Agency;Orakzai Agency;South Waziristan Agency
NA-35,Islamabad,Islamabad
NA-36,Rawalpindi,Rawalpindi
NA-37,Rawalpindi,Rawalpindi
NA-38,Rawalpindi,Rawalpindi
NA-39,Rawalpindi,Rawalpindi
NA-40,Rawalpindi,Rawalpindi
NA-41,Campbellpur,Attock
NA-42,Campbellpur,Attock
NA-43,Campbellpur,Attock
NA-44,Jhelum,Jhelum
NA-45,Jhelum,Jhelum
NA-46,Jhelum,Jhelum
NA-47,Gujrat,Gujrat
NA-48,Gujrat,Gujrat
NA-49,Gujrat,Gujrat
NA-50,Gujrat,Gujrat
NA-51,Gujrat,Gujrat
NA-52,Gujrat,Gujrat
NA-53,Sargodha,Sargodha;Khushab
NA-54,Sargodha,Sargodha;Khushab
NA-55,Sargodha,Sargodha;Khushab
NA-56,Sargodha,Sargodha;Khushab
NA-57,Sargodha,Sargodha;Khushab
NA-58,Sargodha,Sargodha;Khushab
NA-59,Sargodha,Sargodha;Khushab
NA-60,Mianwali,Mianwali;Bhakkar
NA-61,Mianwali,Mianwali;Bhakkar
NA-62,Mianwali,Mianwali;Bhakkar
NA-63,Jhang,Jhang
NA-64,Jhang,Jhang
NA-65,Jhang,Jhang
NA-66,Jhang,Jhang
NA-67,Jhang,Jhang
NA-68,Faisalabad Lyallpur,Faisalabad;Toba Tek Singh;Chiniot
NA-69,Lyallpur Faisalabad,Faisalabad;Toba Tek Singh;Chiniot
NA-70,Lyallpur,Faisalabad;Toba Tek Singh;Chiniot
NA-71,Faisalabad Lyallpur,Faisalabad;Toba Tek Singh;Chiniot
NA-72,Lyallpur,Faisalabad;Toba Tek Singh;Chiniot
NA-73,Lyallpur,Faisalabad;Toba Tek Singh;Chiniot
NA-74,Lyallpur,Faisalabad;Toba Tek Singh;Chiniot
NA-75,Faisalabad Lyallpur,Faisalabad;Toba Tek Singh;Chiniot
NA-76,Faisalabad Lyallpur,Faisalabad;Toba Tek Singh;Chiniot
NA-77,Lyallpur,Faisalabad;Toba Tek Singh;Chiniot
NA-78,Lyallpur,Faisalabad;Toba Tek Singh;Chiniot
NA-79,Lyallpur,Faisalabad;Toba Tek Singh;Chiniot
NA-80,Lyallpur,Faisalabad;Toba Tek Singh;Chiniot
NA-81,Lahore,Lahore
NA-82,Lahore,Lahore
NA-83,Lahore,Lahore
NA-84,Lahore,Lahore
NA-85,Lahore,Lahore
NA-86,Lahore,Lahore
NA-87,Lahore,Lahore
NA-88,Lahore,Lahore
NA-89,Kasur,Kasur
NA-90,Kasur,Kasur
NA-91,Kasur,Kasur
NA-92,Kasur,Kasur
NA-93,Sheikhupura,Sheikhupura;Nankana Sahib
NA-94,Sheikhupura,Sheikhupura;Nankana Sahib
NA-95,Sheikhupura,Sheikhupura;Nankana Sahib
NA-96,Sheikhupura,Sheikhupura;Nankana Sahib
NA-97,Sheikhupura,Sheikhupura;Nankana Sahib
NA-98,Gujranwala,Gujranwala;Hafizabad
NA-99,Gujranwala,Gujranwala;Hafizabad
NA-100,Gujranwala,Gujranwala;Hafizabad
NA-101,Gujranwala,Gujranwala;Hafizabad
NA-102,Gujranwala,Gujranwala;Hafizabad
NA-103,Gujranwala,Gujranwala;Hafizabad
NA-104,Sialkot,Sialkot;Narowal
NA-105,Sialkot,Sialkot;Narowal
NA-106,Sialkot,Sialkot;Narowal
NA-107,Sialkot,Sialkot;Narowal
NA-108,Sialkot,Sialkot;Narowal
NA-109,Sialkot,Sialkot;Narowal
NA-110,Sialkot,Sialkot;Narowal
NA-111,Multan,Multan;Khanewal;Lodhran
NA-112,Multan,Multan;Khanewal;Lodhran
NA-113,Multan,Multan;Khanewal;Lodhran
NA-114,Multan,Multan;Khanewal;Lodhran
NA-115,Multan,Multan;Khanewal;Lodhran
NA-116,Multan,Multan;Khanewal;Lodhran
NA-117,Multan,Multan;Khanewal;Lodhran
NA-118,Multan,Multan;Khanewal;Lodhran
NA-119,Multan,Multan;Khanewal;Lodhran
NA-120,Multan,Multan;Khanewal;Lodhran
NA-121,Vehari,Vehari
NA-122,Vehari,Vehari
NA-123,Vehari,Vehari
NA-124,Dera Ghazi Khan,Dera Ghazi Khan;Rajanpur
NA-125,Dera Ghazi Khan,Dera Ghazi Khan;Rajanpur
NA-126,Dera Ghazi Khan,Dera Ghazi Khan;Rajanpur
NA-127,Muzaffargarh,Muzaffargarh;Layyah
NA-128,Muzaffargarh,Muzaffargarh;Layyah
NA-129,Muzaffargarh,Muzaffargarh;Layyah
NA-130,Muzaffargarh,Muzaffargarh;Layyah
NA-131,Muzaffargarh,Muzaffargarh;Layyah
NA-132,Sahiwal,Sahiwal;Okara;Pakpattan
NA-133,Sahiwal,Sahiwal;Okara;Pakpattan
NA-134,Sahiwal,Sahiwal;Okara;Pakpattan
NA-135,Sahiwal,Sahiwal;Okara;Pakpattan
NA-136,Sahiwal,Sahiwal;Okara;Pakpattan
NA-137,Sahiwal,Sahiwal;Okara;Pakpattan
NA-138,Sahiwal,Sahiwal;Okara;Pakpattan
NA-139,Sahiwal VIII,Sahiwal;Okara;Pakpattan
NA-140,Bahawalpur,Bahawalpur
NA-141,Bahawalpur II,Bahawalpur
NA-142,Bahawalpur,Bahawalpur
NA-143,Bahawalpur Bahawalnagar,Bahawalpur;Bahawalnagar
NA-144,Bahawalnagar,Bahawalnagar
NA-145,Bahawalnagar,Bahawalnagar
NA-146,Bahawalnagar,Bahawalnagar
NA-147,Rahim Yar Khan,Rahim Yar Khan
NA-148,Rahim Yar Khan,Rahim Yar Khan
NA-149,Rahim Yar Khan,Rahim Yar Khan
NA-150,Rahim Yar Khan,Rahim Yar Khan
NA-151,Sukkur,Sukkur;Ghotki
NA-152,Sukkur,Sukkur;Ghotki
NA-153,Sukkur,Sukkur;Ghotki
NA-154,Sukkur,Sukkur;Ghotki
NA-155,Jacobabad,Jacobabad;Kashmore
NA-156,Jacobabad,Jacobabad;Kashmore
NA-157,Nawabshah,Shaheed Benazirabad;Naushehro Feroze
NA-158,Nawabshah,Shaheed Benazirabad;Naushehro Feroze
NA-159,Nawabshah,Shaheed Benazirabad;Naushehro Feroze
NA-160,Nawabshah,Shaheed Benazirabad;Naushehro Feroze
NA-161,Khairpur,Khairpur
NA-162,Khairpur,Khairpur
NA-163,Larkana,Larkana;Kambar-Shahdadkot
NA-164,Larkana,Larkana;Kambar-Shahdadkot
NA-165,Larkana,Larkana;Kambar-Shahdadkot
NA-166,Hyderabad,Hyderabad
NA-167,Hyderabad,Hyderabad
NA-168,Hyderabad,Hyderabad
NA-169,Hyderabad,Hyderabad
NA-170,Hyderabad,Hyderabad
NA-171,Badin,Badin
NA-172,Badin,Badin
NA-173,Tharparkar,Tharparkar;Mirpurkhas;Umerkot
NA-174,Tharparkar,Tharparkar;Mirpurkhas;Umerkot
NA-175,Tharparkar,Tharparkar;Mirpurkhas;Umerkot
NA-176,Dadu,Dadu;Jamshoro
NA-177,Dadu,Dadu;Jamshoro
NA-178,Dadu,Dadu;Jamshoro
NA-179,Sanghar I,Sanghar
NA-180,Sanghar,Sanghar
NA-181,Thatta,Thatta
NA-182,Thatta,Thatta
NA-183,Karachi,Karachi
NA-184,Karachi,Karachi
NA-185,Karachi,Karachi
NA-186,Karachi,Karachi
NA-187,Karachi,Karachi
NA-188,Karachi,Karachi
NA-189,Karachi,Karachi
NA-190,Karachi,Karachi
NA-191,Karachi,Karachi
NA-192,Karachi,Karachi
NA-193,Karachi,Karachi
NA-194,Quetta,Quetta
NA-195,Quetta,Quetta
NA-196,Quetta,Quetta
NA-197,Sibi,Sibi
NA-198,Sibi,Sibi
NA-199,Kalat,Kalat
NA-200,Kalat,Kalat
