na,constituency_name,province,winner_name,winner_party,winner_votes,runnerup_name,runnerup_party,runnerup_votes,registered_voters,votes_polled,turnout_pct
NA-1,Peshawar 1,,Ghulam Ahmad Bilour,ANP,51233,Mohtarma Benazir Bhutto,PDA,38951,,,
NA-2,Peshawar 2,,Arbab Muhammad Jehangir Khan,ANP,31222,Aftab Ahmad Khan Sherpao,PDA,19137,,,
NA-3,Peshawar 3,,Arbab Muhammad Zahir,ANP,38730,Abdul Latif,PDA,19977,,,
NA-4,Nowshera,,Muhammad Ajmal Khan Khattak,ANP,38389,Pervaiz Khan Khattak,PDA,25722,,,
NA-5,Charsadda,,Molvi Hassan Jan,JUI-F,66452,Abdul Wali Khan,ANP,52929,,,
NA-6,Mardan 1,,Muhammad Azam Khan,ANP,35880,Khanzada Khan,PDA,28616,,,
NA-7,Mardan 2,,Khan Mir Afzal Khan,IJI,37452,Rahim Dad Khan,PDA,24813,,,
NA-8,Swabi,,Rehmanullah,ANP,51909,Saleem Khan,PDA,28750,,,
NA-9,Kohat,,Syed Iftikhar Hussain Gillani,PDA,27848,Molvi Niamatullah,IJI,26493,,,
NA-10,Karak,,Al Haj Muhammad Aslam Khan Khattak,Independent,27866,Moulana Shaheed Ahmad,IJI,14684,,,
NA-11,Abbottabad 1,,Sardar Mehtab Ahmad Khan,IJI,64541,Amanullah Khan Jadoon,Independent,31754,,,
NA-12,Abbottabad 2,,Haji Javed Iqbal Abbasi,IJI,43764,Sardar Gul Khatab,Independent,29247,,,
NA-13,Abbottabad 3,,Gohar Ayub Khan,IJI,52923,Omar Asghar Khan,PDA,30970,,,
NA-14,Mansehra,,Sardar Muhammad Yousaf,Independent,34787,Syed Muzammil Shah,IJI,31457,,,
NA-15,Mansehra 2,,Nawabzada Salah-ud-din Saeed Khan,IJI,19109,Syed Qasim Shah,Independent,16115,,,
NA-16,Mansehra,,Alam Zeb Khan,JUI-F,13556,Khan Muhammad Ayub Khan,Independent,10684,,,
NA-17,Kohistan,,Molvi Muhammad Amin,JUI-F,7752,Malik Said Ahmad,Independent,4607,,,
NA-18,Dera Ismail Khan,,Fazal Karim Khan Kundi,PDA,64533,Moualna Fazal ur Rehman,JUI-F,52890,,,
NA-19,Bannu 1,,Maulvi Ali Akbar,JUI-F,28471,Riaz Khan,PDA,12519,,,
NA-20,Bannu 2,,Nasir Muhammad Khan,IJI,38877,Ahmad Jan,JUI-F,34322,,,
NA-21,Swat 1,,Khaliq Dad Khan,IJI,24891,Ubaidur Rehman,JUI-F,17480,,,
NA-22,Swat 2,,Abdul Matin Khan,Independent,19084,Haji Fazal-e-Khaliq,IJI,18901,,,
NA-23,Swat 3,,Muhammad Afzal Khan,PDA,32515,Shaujat Ali Khan,IJI,28080,,,
NA-24,Chitral,,Shahzada Muhayud Din,IJI,35269,Piar Ali Alana,PDA,20628,,,
NA-25,Dir,,Najmud Din,PDA,28533,Sahibzada Fathullah,IJI,27147,,,
NA-26,Malakand,,Ahmad Hassan,PDA,31331,Maulana Gauhar Rehman Khan,IJI,29888,,,
NA-27,Tribal Area 1 - Mohmand Agency,FATA,Haji Baroz Khan,Independent,,,,,,,
NA-28,Tribal Area 2 - Kurram Agency,,Syed Yousuf Hussain,Independent,607,Abdul Manan,Independent,550,,,
NA-29,Tribal Area 3 - Orakzai Agency,,Spin Gul,Independent,956,Noor Sayed Mian,Independent,955,,,
NA-30,Tribal Area 4 - North Waziristan Agency,,Muhammad Ajmal,Independent,494,Qadar Khan,Independent,281,,,
NA-31,Tribal Area 5 - South Waziristan Agency,,Haji Sakhi Jan,Independent,536,Ghiasuddin,Independent,396,,,
NA-32,Tribal Area 6 - Bajaur Agency,,Haji Lal Khan,Independent,842,Mian Shah Jahan,Independent,639,,,
NA-33,Tribal Area 7 - Khyber Agency,,Haji Muhammad Ayub Afridi,Independent,2080,Malik Nadir Khan,Independent,794,,,
NA-34,"Tribal Area 8: Tribal Areas Attached To Peshawar, Kohat, Bannu, Dera Ismail Khan, Tank And Lakki Marwat Districts",FATA,Malik Muhammad Aslam Khan Afridi,Independent,,,,,,,
NA-35,Islamabad,,Haji Muhammad Nawaz Khokhar,IJI,56795,Raja Peraiz Khan,PDA,43467,,,
NA-36,Rawalpindi 1,,Shahid Khaqan Abbasi,IJI,80305,Raja Muhammad Anwar,PDA,54011,,,
NA-37,Rawalpindi 2,,Raja Muhammad Zaheer Khan,IJI,75784,Raja Abdul Aziz Bhatti,PDA,54753,,,
NA-38,Rawalpindi 3,,Sheikh Rasheed Ahmad,IJI,78107,Chaudhary Mushtaq Hussain,PDA,54701,,,
NA-39,Rawalpindi 4,,Muhammad Ejaz ul Haq,IJI,87829,Raja Shahid Zafar,PDA,57130,,,
NA-40,Rawalpindi 5,,Ch. Nisar Ali Khan,IJI,78530,Ghulam Sarwar Khan,PDA,63021,,,
NA-41,Attock 1,,Shaikh Aftab Ahmad,IJI,71134,Malik Muhammad Aslam Khan,47920,36058,,,
NA-42,Attock 2,,Malik Allah Yar Khan,PPP,68458,Amir Muhamamd Khan,PDA,55174,,,
NA-43,Chakwal,,Lt. General Abdul Majeed Malik,IJI,79873,Sardar Muhammad Ashraf Khan,PDA,60902,,,
NA-44,Chakwal 2,,Sardar Mansoor Hayyat Khan Taman,IJI,79239,Sardar Ghulam Abbas Khan,PDA,69593,,,
NA-45,Jhelum 1,,Chaudhary Muhammad Altaf Hussain,PDA,58806,Raja Muhammad Afzal Khan,IJI,58455,,,
NA-46,Jhelum 2,,Nawabzada Iqbal Mehdi Khan,Independent,57177,Doctor Ghulam Hussain,PDA,53430,,,
NA-47,Sargodha 1,,Ehsan ul Haq Piracha,PDA,55350,Mian Naseer Ahmad,IJI,51092,,,
NA-48,Sargodha 2,,Mian Muhammad Nawaz Sharif,IJI,69141,Liaqat Hayyat,PDA,45274,,,
NA-49,Sargodha 3,,Haji Muhammad Javaid Iqbal Cheema,IJI,59576,Syed Ehsan Qadir Shah,PDA,55131,,,
NA-50,Sargodha 4,,Chaudhary Anwar Ali Cheema,IJI,77073,Riaz Amir alias Abdul Haq,PDA,51581,,,
NA-51,Sargodha-Cum-Khushab,,Malik Muhammad Naeem Khan,IJI,84908,Malik Muhammad Bashir Awan,Independent,61804,,,
NA-52,Khushab,,Malik Khuda Bukhsh Tewana,IJI,61854,Sardar Shuja Muhammad Khan,PDA,51269,,,
NA-53,Mianwali 1,,Maulana Abdul Sattar Khan Niazi,IJI,55848,Doctor Sher Afghan Khan Niazi,PDA,31659,,,
NA-54,Mianwali 2,,Gul Hameed Khan Rokhari,IJI,69501,Doctor Sher Afghan Niaqzi,PDA,34633,,,
NA-55,Bhakkar 1,,Aziz Ahmad Khan,IJI,66846,Bashir Ahmad Khan,Independent,35289,,,
NA-56,Bhakkar 2,,Muhammad Zafar Ullah Khan Dhandla,IJI,52893,Rasheed Akbar Khan Nawani,Independent,38695,,,
NA-57,Faisalabad 1,,Sardar Dildar Ahmad Cheema,IJI,75202,Umar Draz Khan,PDA,58590,,,
NA-58,Faisalabad 2,,Rai Muhammad Aslam Khan,PDA,42857,Arif Hussain,IJI,40273,,,
NA-59,Faisalabad 3,,Alhaj Mian Nasir Ahmad Khan,IJI,46624,Khan Shahadat Ali Khan Baloch,PDA,40722,,,
NA-60,Faisalabad 4,,Muhammad Abdullah Ghazi,IJI,56307,Abdul Saboor,PDA,30275,,,
NA-61,Faisalabad 5,,Chaudhary Muhammad Nazeer Ahmad,IJI,72351,Chaudhary Muhammad Ilyas Ahmad,PDA,61967,,,
NA-62,Faisalabad 6,,Muhammad Khan Junejo,IJI,57208,Ghulam Mustafaq Bajwa,PDA,34925,,,
NA-63,Faisalabad 7,,Muhammad Akram Ansari,IJI,60983,Ahmad Saeed Awan,PDA,50008,,,
NA-64,Faisalabad 8,,Mian Zahid Sarfraz,IJI,62536,Fazal Hussain Rahi,PDA,52165,,,
NA-65,Faisalabad 9,,Chaudhary Sher Ali,IJI,67086,Mehar Abdur Rasheed,PDA,63396,,,
NA-66,Jhang 1,,Amir Hussain Syed,PDA,40124,Riaz Ahmad Lali,IJI,39850,,,
NA-67,Jhang 2,,Moulana Haji Rehmatullah,IJI,57263,Syed Asad Hayyat Shah,PDA,47378,,,
NA-68,Jhang 3,,Qari Isar ul Haq Qasmi,IJI,62486,Nawab Amanullah Khan Sial,PDA,33031,,,
NA-69,Jhang 4,,Syed Faisal Saleh Hayyat,PPP,63642,Syeda Abida Hussain,IJI,48048,,,
NA-70,Jhang 5,,Sahibzada Muhammad Nazir Sultan,PDA,58892,Mehar Akhtar Abbas Bharwana,IJI,58710,,,
NA-71,Toba Tek Singh 1,,Chaudhary Asad ur Rehman,IJI,65540,Javed Ahmad Khan,PDA,57791,,,
NA-72,Toba Tek Singh 2,,Muhammad Ejaz Ul Haq,IJI,76372,Qazi Ghias Ud Din Janbaz,PDA,44752,,,
NA-73,Toba Tek Singh 3,,Hamza,IJI,69499,Haji Muhammad Ishaq,PDA,50194,,,
NA-74,Gujranwala 1,,Chaudhary Hamid Nasir Chatha,IJI,89326,Colonel (R) Ghulam Sarwar Cheema,PDA,54095,,,
NA-75,Gujranwala 2,,Afzal Hussain Tarar,Independent,49406,Syed Muhammad Arif Hussain,IJI,47101,,,
NA-76,Gujranwala 3,,Ghulam Dastgir Khan,IJI,67697,Al-Haj Aman Ullah,PDA,57897,,,
NA-77,Gujranwala 4,,Chauhdary Muhammad Asgahr,IJI,59225,Kh. Muhammad Aslam Lone,PDA,50328,,,
NA-78,Gujranwala 5,,Rana Nazeer Ahmad Khan,IJI,65836,Chaudhary Muhammad Abdullah Virk,PDA,59139,,,
NA-79,Gujranwala 6,,Chaudhary Muhammad Ashraf Warraich,PDA,65262,Ch. Ijaz Ahmad,IJI,62051,,,
NA-80,Gujrat 1,,Chaudhary Tajamul Hussain,IJI,94688,Nawabzada Ghazanfar Ali Gul,PDA,63797,,,
NA-81,Gujrat 2,,Chaudhary Shujaat Hussain,IJI,80861,Chaudhary Ahmad Mukhtar,PDA,74621,,,
NA-82,Gujrat 3,,Syed Manzoor Hussain Shah,IJI,76341,Haji Chaudhary Muhammad Asghari,PDA,65252,,,
NA-83,Gujrat 4,,Nasir Iqbal,IJI,62788,Zafar Ullah Tarar,PDA,52881,,,
NA-84,Gujrat 5,,Chaudhary Muhammad Nawaz,PDA,41086,Umar Hayyat Lailka,IJI,28884,,,
NA-85,Sialkot 1,,Mian Muhammad Shafi,IJI,59515,Mian Masud Ahmad,PDA,38333,,,
NA-86,Sialkot 2,,Chaudhary Ameer Hussain,IJI,67731,Mina Muhammad Rasheed Akhtar,PDA,58596,,,
NA-87,Sialkot 3,,Nazir Ahmad Khan,IJI,81137,Javaid Mahmood Ghuman,PDA,50320,,,
NA-88,Sialkot 4,,Chaudhary Abdul Sattar,IJI,72764,Muhammad Ahmad,PDA,47602,,,
NA-89,Sialkot 5,,Chaudhary Muhammad Sarwar Khan,IJI,67966,Ch. Muhammad Akhtar,PDA,39995,,,
NA-90,Sialkot 6,,Ghulam Mustafa,IJI,60982,Chaudhary Shafayat Ahmad Khan,PDA,34253,,,
NA-91,Sialkot 7,Punjab,Muhammad Ishfaq Taj,IJI,,,,,,,
NA-92,Lahore 1,,Hamayun Akhtar Khan,IJI,57866,Rafiq Ahmad Shaikh,PDA,44384,,,
NA-93,Lahore 2,,Chudhary Aitzaz Ahsan,PDA,65624,Ihsan ul Haq,IJI,52697,,,
NA-94,Lahore 3,,Mian Umar Hayyat,IJI,53352,Salman Taseer,PDA,51953,,,
NA-95,Lahore 4,,Mian Nawaz Sharif,IJI,59944,Air Marshel (R) Muhammad Asghar Khan,PDA,39585,,,
NA-96,Lahore 5,,Mian Muhammad Shahbaz Sharif,IJI,54506,Jahangir Badar,PDA,41902,,,
NA-97,Lahore 6,,Liaqat Baloch,IJI,68943,Khawja Ahmad Tariq Raheem,PDA,51058,,,
NA-98,Lahore 7,,Mian Muhammad Usman,IJI,60220,Sheikh Muhammad Rasheed,PDA,48686,,,
NA-99,Lahore 8,,Wazir Ali Bhatti,IJI,42549,Muhammad Arshad,PDA,32962,,,
NA-100,Lahore 9,,Muhammad Ashiq Ali Diyal,IJI,46842,Malik Meraj Khalid,PDA,34289,,,
NA-101,Sheikhupura 1,,Rana Tanveer Hussain,IJI,60175,Nisar Ahmad Punnu,PDA,56429,,,
NA-102,Sheikhupura 2,,Chaudhary Nazir Ahmad Virk,IJI,39430,Munawar Hussain Manj,PAT,38377,,,
NA-103,Sheikhupura 3,,Muhammad Barjees Tahir,IJI,49701,Muhammad Arif Awan,PDA,32570,,,
NA-104,Sheikhupura 4,,Haji Naeem Hussain Chatha,IJI,59036,Chaudhary Tawakkal Ullah Virk,PDA,44803,,,
NA-105,Sheikhupura 5,,Rai Mansab Ali Khan,IJI,43708,Rai Rasheed Ahmad Khan,PDA,37098,,,
NA-106,Kasur 1,,Sardar Aseff Ahmad Ali,Independent,46590,Riaz Ahmad,Independent,29032,,,
NA-107,Kasur 2,,Rao Khizar Hayyat Khan,IJI,43657,Chaudhary Hakim Ali,PDA,35883,,,
NA-108,Kasur 3,,Rana Muhammad Hayyat Khan,Independent,51189,Sardar Talib Hussain Nakai,IJI,41554,,,
NA-109,Kasur 4,,Maulana Mueenuddin Lakhvi,IJI,53859,Sardar Muhammad Ashiq Dogar,PDA,45856,,,
NA-110,Okara 1,,Mian Muhammad Zaman,IJI,54096,Rao Sakandar Iqbal,PDA,45184,,,
NA-111,Okara 2,,Syed Sajjad Haider,IJI,50728,Rai Muhammad Aslam Khan,PDA,48895,,,
NA-112,Okara 3,,Mian Manzoor Ahmad Khan Watto,IJI,66753,Syed Abbas Raza Rizvi,PDA,39998,,,
NA-113,Okara 4,,Mian Muhammad Yasin Khan Wattoo,IJI,71129,Mian Atta Muhammad Maneka,PDA,46473,,,
NA-114,Multan 1,,Syed Yousif Raza Gillani,PDA,60076,Makhdoom Syed Hamid Raza Gillani,IJI,54781,,,
NA-115,Multan 2,,Syed Hamid Saeed Kazmi,JUP-N,62637,Pir Riaz Hussain Qureshi,PDA,42288,,,
NA-116,Multan 3,,Syed Tanveer ul Hassan Gillani,IJI,50066,Malik Mukhtar Ahmad Awan,PDA,39852,,,
NA-117,Multan 4,,Haji Hayyatullah Khan Tareen,IJI,64567,Rana Mumtaz Ahmad Khan Noon,PDA,56382,,,
NA-118,Multan 5,,Muhammad Siddique Khan Kanjo,IJI,60954,Mirza Muhammad Nasir Baig,PDA,40558,,,
NA-119,Multan 6,,Syed Javed Ali Shah,IJI,66900,Rana Shukat Hayyat Noon,PDA,52084,,,
NA-120,Lahore 3,,Muhammad Javed Hashmi,IJI,70025,Khalid Iqbal Randhawa,PDA,52881,,,
NA-121,Khanewal 1,,Syed Fakhar Imam Shah,IJI,58479,Mahar Muhammad Iqbal Hiraj,PDA,45523,,,
NA-122,Khanewal 2,,Major ( R ) Aftab Ahmad Khan Daha,IJI,63998,Mian Qamar uz Zaman Shah Khagga,PDA,44784,,,
NA-123,Khanewal 3,,Ghulam Haider Wyne,IJI,76045,Pir Muhammad Aslam Bodla,PDA,54856,,,
NA-124,Sahiwal 1,,Anwar ul Haq Ramay,IJI,63665,Chaudhary Naurez Shakoor,PDA,55677,,,
NA-125,Sahiwal 2,,Mehar Ghulam Farid Kathia,PDA,54982,Muhammad Arshad Khan Lodhi,IJI,50529,,,
NA-126,Sahiwal 3,,Rai Ahmad Nawaz Khan,IJI,69338,Shahnaz Javed,PDA,65810,,,
NA-127,Sahiwal 4,,Raja Shahid Saeed Khan,IJI,61831,Tika Muhammad Iqbal,PDA,43101,,,
NA-128,Sahiwal 5,,Mian Mehmood Ahmad Khan,IJI,60593,Rao Muhammad Hashim Khan,PDA,45960,,,
NA-129,Vehari 1,,Muhammad Nawaz Khan Aias Dilawar Khan Khichi,IJI,87427,Mian Muhammad Mumtaz Khan Bhabha,PDA,55922,,,
NA-130,Vehari 2,,Akbar Ali Bhatti,IJI,50917,Muhammad Ahsan Khan Khakwani,PDA,44088,,,
NA-131,Vehari 3,,Syed Shahid Mehdi Naseem Shah,IJI,72159,Qurban Ali Chohan,PDA,60747,,,
NA-132,Dera Ghazi Khan 1,,Sardar Muhammad Amjad Farooq Khan,IJI,78360,Khawaja Kamaluddin Anwar,PDA,55711,,,
NA-133,Dera Ghazi Khan 2,,Sardar Farooq Ahmad Khan Leghari,PDA,76378,Sardar Tufail Ahmad Khan Laghari,IJI,56342,,,
NA-134,Rajanpur,,Mir Balakh Sher Khan Mazari,IJI,76446,Sardar Ashiq Muhammad Khan Mazari,PDA,57765,,,
NA-135,Muzaffargarh,,Sardar Abdul Qayyum Khan Jatoi,JUP-N,54039,Syed Jamil Ahmad Hussain Bukhari,PDA,51338,,,
NA-136,Muzaffargarh 2,,Mian Atta Muhammad Qureshi,JUP-N,54424,Nawabzada Nasrullah Khan,PDP,46638,,,
NA-137,Muzaffargarh 3,,Malik Ghulam Muhammad Mustafa Khar,Independent,43435,Malik Ghulam Muhammad Noor Rabbani Khar,Independent,30438,,,
NA-138,Muzaffargarh 4,,Ghulam Muhammad Mustafa Khar,Independent,51755,Mian Ghulam Abbas Qureishi,IJI,39741,,,
NA-139,Layyah 1,,Pir Syed Muhammad Khurshid Shah,IJI,59848,Malik Niaz Ahmad Jakhar,PDA,43180,,,
NA-140,Layyah 2,,Sahibzada Faiz-ul-Hassan,IJI,51446,Muhammad Jehangir Khan Sehar,PDA,44694,,,
NA-141,Bahawalpur 1,,Muhammad Usman Abbasi,Independent,59175,Prince Salahud Din Abbasi,IJI,58807,,,
NA-142,Bahawalpur 2,,Farooq Anwar Abbasi,IJI,71825,Farooq Azam Malik,PDA,47515,,,
NA-143,Bahawalpur 3,Punjab,Syed Tasneem Nawaz Gardezi,IJI,,,,,,,
NA-144,Bahawalnagar 1,,Syed Muhammad Asgahr Shah,Independent,50555,Syed Mumtaz Alam Gillani,PDA,42897,,,
NA-145,Bahawalnagar 2,,Mian Abdul Sattar Khan Lalika,IJI,81088,Mian Mumtaz Ahmad,PDA,60521,,,
NA-146,Bahawalnagar 3,,Abdul Ghafoor Chaudhary,IJI,74872,Ali Akbar Mazhar Wains,PDA,66076,,,
NA-147,Rahim Yar Khan 1,,Syed Ahmad Alam Anwar,PDA,66205,Khawaja Jamal Muhammad Koreja,IJI,57432,,,
NA-148,Rahim Yar Khan 2,,Makhdoom Shahab ud Din,PDA,59181,Makhdoom Imaduddin,IJI,57740,,,
NA-149,Rahim Yar Khan 3,,Mian Abdul Khaliq,IJI,80304,Makhdoom Rukan ud Din,PDA,51454,,,
NA-150,Rahim Yar Khan 4,,Makhdoom Syed Ahmad Mehmood,IJI,52816,Rais Shabbir Ahmad,PDA,45144,,,
NA-151,Sukkur 1,,Syed Khursheed Ahmad Shah,PDA,60733,Islamuddin Sheikh,IJI,43618,,,
NA-152,Sukkur 2,,Jam Saifullah Khan Dharejo,PDA,48938,Sardar Ghulam Muhammad Khan Magar,Independent,39985,,,
NA-153,Sukkur 3,,Noor Muhammad Khan Lund,PDA,49399,Pir Syed Sadardin Shah,Independent,34978,,,
NA-154,Shikarpur 1,,Aftab Shahban Merani,PDA,38301,Junaid Ahmad Soomro,SNF,20128,,,
NA-155,Shikarpur 2,,Mir Altaf Khan Bhayo,PDA,43193,Mumtaz Ali Khan Bhutto,SNF,10333,,,
NA-156,Jacobabad 1,,Illahi Bukhsh Soomro,Independent,53151,Sardar Muhammad Muqeem Khan,PDA,52211,,,
NA-157,Jacobabad 2,,Mir Hazar Khan Bijarani,Independent,81610,Mir Mehran Khan Bijarani,PDA,35818,,,
NA-158,Naushero Feroz 1,,Ghulam Mustafa Khan Jatoi,IJI,88166,Rehmatullah Khan Bihan,PDA,21829,,,
NA-159,Nawabshah 2,,Zafar Ali Shah,PDA,57029,Ghulam Mujtaba Khan Jatoi,IJI,51520,,,
NA-160,Nawabshah 1,,Ghulam Murtaza Khan Jatoi,IJI,48588,Asif Ali Zardari,PDA,44964,,,
NA-161,Nawabshah 2,,Syed Shabir Ahmad Shah,PDA,57801,Ghulam Rasool Unar,IJI,13656,,,
NA-162,Khairpur 1,,Syed Pervez Ali Shah Jillani,PPP,74358,Pir Syed Ali Mardan Shah Pir Paggara,Independent,46073,,,
NA-163,Khairpur 2,,Pir Syed Abdul Qadir Shah,PDA,79080,Pir Syed Saddaruddin Shah,Independent,39391,,,
NA-164,Larkana 1,,Begum Nusrat Bhutto,PDA,79901,Shah Muhammad,Independent,9203,,,
NA-165,Larkana 2,,Shabbir Ahmed Khan Chandio,PDA,59164,Mumtaz Ali Bhutto,SNF,16198,,,
NA-166,Larkana 3,,Mohtarma Benazir Bhutto,PDA,94462,Sardar Allah Bux Jalbani,Independent,718,,,
NA-167,Hyderabad 1,,Makhdoom Amin Faheem,PDA,50154,Shah Muhammad Shah,Independent,17074,,,
NA-168,Hyderabad 2,,Kanwar Naveed Jamel,HPG,76578,Shah Farid ul Haq,JUP-N,13949,,,
NA-169,Hyderabad 3,,Dr. Khalid Maqbool Siddiqui,HPG,91373,Mrza Ashiq Hussain Baig,PDA,24259,,,
NA-170,Hyderabad 4,,Syed Naveed Qamar,PDA,56902,Mir Mushtaq Ali Khan Talpur,Independent,16563,,,
NA-171,Hyderabad 5,,Abdul Sattar Bachani,PDA,59209,Syed Umeed Ali Shah,Independent,22878,,,
NA-172,Badin 1,,Abdullah Halepoto,PDA,42506,Bashir Ahmad Laghari,Independent,16249,,,
NA-173,Badin 2,,Bashir Ahmed Halepoto,PDA,36133,Ghulam Ali Nizamani,Independent,12951,,,
NA-174,Tharparkar 1,,Anees Ahmad Khan,HPG,44909,Syed Qurban Ali Shah,PDA,44493,,,
NA-175,Tharparkar 2,,Muhammad Khan Junejo,IJI,32019,Ali Nawaz Shah,PDA,28930,,,
NA-176,Tharparkar 3,,Arbab Ghulam Rahim,Independent,49970,Fakir Muhammad Hafeez,PDA,37938,,,
NA-177,Dadu 1,,Malik Asad Sikandar Khan,PDA,53431,Abdul Hafeez Pirzada,PNP,21333,,,
NA-178,Dadu 2,,Haji Muhammad Bux Jamali,PDA,56243,Doctor Manzoor Hussain Leghari,Independent,21535,,,
NA-179,Dadu 3,,Rafiq Ahmad Mahessar,PDA,52949,Abdul Hameed Khan,SNA-HJ,31125,,,
NA-180,Sanghar 1,,Pir Syed Ali Gohar Shah Rashdi,Independent,76853,Zahoor Alam Khan Rind,PDA,23319,,,
NA-181,Sanghar 2,,Jam Mashooq Ali,Independent,71405,Shah Nawaz Junejo,PDA,46889,,,
NA-182,Thatta 1,,Ghulam Hussain Alias Babu,PDA,47370,Rasool Bux,AT-PG,12015,,,
NA-183,Thatta 2,,Arbab Wazir Ahmad,PDA,33774,Syed Shafqat Hussain Shah Sheerazi,Independent,25562,,,
NA-184,Karachi West 1,,Muhammad Irfan Khan,HPG,50042,Abdul Ghani,PDA,45004,,,
NA-185,Karachi West 2,,Syed Salim ul Haq,HPG,93883,Muhammad Affaq Khan,PDA,15563,,,
NA-186,Karachi Central 1,,Kanwar Khalid Younis,HPG,90497,Professor Ghafoor Ahmad,IJI,21254,,,
NA-187,Karachi Central 2,,Imran Farooq,HPG,111340,Syed Hussain Abbas Zaidi,PDA,3487,,,
NA-188,Karachi Central 3,,Syed Muhammad Aslam,HPG,142591,Muhammad Usman Ramz,Independent,12410,,,
NA-189,Karachi South 1,,Asif Ali Zardari,PDA,54308,Muhammad Yousaf Khan Baloch,IJI,12615,,,
NA-190,Karachi South 2,,Muhammad Farooq Sattar,HPG,52887,Moulana Shah Ahmad Noorani Siddiqui,JUP-N,35804,,,
NA-191,Karachi South 3,,Syed Tariq Mehmood,HPG,40573,Abdul Sattar,IJI,20019,,,
NA-192,Karachi East 1,,Muhammad Rafique Essani,HPG,61938,Zuhari Akram Nadeem,IJI,10654,,,
NA-193,Karachi East 2,,Islam Nabi,HPG,72272,Syed Munawar Hassan,IJI,21329,,,
NA-194,Karachi East 3,,Syed Amin Ul Haq,HPG,71807,Muhammad Khalil Qureishi,PDA,15400,,,
NA-195,Karachi East 4,,Rehan Umar Farooqi,HPG,71265,Sher Muhammad,PDA,33495,,,
NA-196,Karachi East 5,,Waseem Ahmad,HPG,90337,Sardar Akhtar Ali Baloch,PDA,40983,,,
NA-197,Quetta,,Fateh Muhammad Muhammad Hasni,PDA,37874,Hafiz Hussain Ahmad,JUI-F,34207,,,
NA-198,Pishin,,Mehmood Khan Achakzai,PKMAP,34003,Molvi Abdul Ghani,JUI-F,28825,,,
NA-199,Loralai,,Sardar Muhammad Yaqoob Khan Nasir,IJI,15864,Mir Baz Muhammad Khan Khethran,PDA,13016,,,
NA-200,Zhob,,Maulvi Muhammad Khan Sherani,JUI-F,15965,Nawab Muhammad Ayaz Khan Jogezai,PKMAP,10038,,,
NA-201,Bolan,,Mir Yar Muhammad Rind,JWP,42586,Doctor Abdul Hayee Baloch,BNM,12738,,,
NA-202,Sibi-Cum-Kohlu-Cum-Dera Bugti-Cum-Ziarat,,Saleem Akbar Bugti,JWP,57094,Raziq Bugti,PNP,6764,,,
NA-203,Jaffarabad,,Mir Nabi Bux Khan Khosa,PDA,24131,Mir Zafar Ullah Khan Jamali,IJI,19645,,,
NA-204,Kalat-Cum-Kharan,,Moulvi Muhammad Siddique Shah,JUI-F,18647,Nawab Muhammad Aslam Khan Raisani,PNP,14828,,,
NA-205,Khuzdar,,Mir Bizan Bizanjo,PNP,21294,Mir Muhammad Naseer Mengal,IJI,15053,,,
NA-206,Lasbela-Cum-Gwadar,,Shahzada Jam Muhammad Yousaf,IJI,20487,Ghulam Akbar Lasi,PDA,19828,,,
NA-207,Turbat-Cum-Panjgur,,Mir Bizan Bizanjo,PNP,26166,Doctor Muhammad Yaseen,BNM,23782,,,
