na,names_1990_93_97,src,confidence,source_region,part,tesseract_read,printed_in_region,verdict,region_party_1990_93_97,winner_1990_93_97,printed_winner_1990_93_97,colour_years_for_printed,colour_years_for_layer,district_share_layer,district_share_printed,printed_region_used_as
NA-1,Peshawar 1 / Peshawar I / Peshawar,commons-1993-inset,,"1993:1507,378,1704,510:17074",city box,NA-1,NA-1,printed label agrees,ANP / PPP / ANP,ANP / PPP / ANP,,,,,,NA-1
NA-2,Peshawar 2 / Peshawar II / Peshawar,commons-1993,,"1993:1891,586,1955,632:1368",main map,NA-2,NA-2,printed label agrees,ANP / PPP / ANP,ANP / PPP / ANP,,,,0.7,,NA-2
NA-3,Peshawar 3 / Peshawar III / Peshawar,commons-1993,,"1993:1893,626,1980,682:2793",main map,NA-3,NA-3,printed label agrees,ANP / ANP / ANP,ANP / ANP / ANP,,,,0.64,,NA-3
NA-4,Nowshera / Peshawar,commons-1993,,"1993:1952,606,2051,688:4801",main map,NA-4,NA-4,printed label agrees,ANP / PPP / ANP,ANP / PPP / ANP,,,,0.94,,NA-4
NA-5,Charsadda,commons-1993,,"1993:1917,548,1991,624:2816",main map,NA-35,NA-5,printed label agrees,JUI-F / ANP / ANP,JUI-F / ANP / ANP,,,,0.68,,NA-5
NA-6,Mardan 1 / Mardan I / Mardan,commons-1993,,"1993:1973,570,2046,618:1820",main map,NA-6,NA-6,printed label agrees,ANP / PPP / ANP,ANP / PPP / ANP,,,,0.53,,NA-6
NA-7,Mardan 2 / Mardan II / Mardan,commons-1993,,"1993:1973,536,2074,588:2789",main map,NA-7,NA-7,printed label agrees,IJI / PPP / ANP,IJI / PPP / ANP,,,,0.96,,NA-7
NA-8,Swabi,commons-1993,,"1993:2038,556,2146,644:4207",main map,NA-8,NA-8,printed label agrees,ANP / IJM / ANP,ANP / IJM / ANP,,,,0.85,,NA-8
NA-9,Kohat,commons-1993,,"1993:1731,682,1999,797:11918",main map,NA-9,NA-9,printed label agrees,PDA / PML-N / PML-N,PDA / PML-N / PML-N,,,,0.76,,NA-9
NA-10,Karak,commons-1993,,"1993:1772,743,1912,848:8058",main map,NA-4,NA-10,printed label agrees,Independent / MDM / ANP,Independent / MDM / ANP,,,,0.72,,NA-10
NA-11,Abbottabad 1 / Abbottabad I / Abottabad,commons-1993,,"1993:2166,556,2278,627:3140",main map,NA-11,NA-11,printed label agrees,IJI / PML-N / PML-N,IJI / PML-N / PML-N,,,,0.68,,NA-11
NA-12,Abbottabad 2 / Abbottabad II / Abottabad,commons-1993,,"1993:2190,599,2260,662:2866",main map,NA-12,NA-12,printed label agrees,IJI / PML-N / PML-N,IJI / PML-N / PML-N,,,,1.0,,NA-12
NA-13,Abbottabad 3 / Abbottabad III Complete / Haripur,reconstructed,,,,,,Voronoi fallback,,,,,,,,NA-39
NA-14,Mansehra / Mansehra Complete,commons-1993,,"1993:2184,488,2279,581:4830",main map,NA-14,NA-14,printed label agrees,Independent / PML-N / PML-N,Independent / PML-N / PML-N,,,,0.99,,NA-14
NA-15,Mansehra 2 / Mansehra II / Mansehra,commons-1993,,"1993:2136,487,2198,599:3905",main map,NA-15,NA-15,printed label agrees,IJI / PML-N / PML-N,IJI / PML-N / PML-N,,,,0.72,,NA-15
NA-16,Mansehra / Battagram,commons-1993,,"1993:2165,405,2393,525:11140",main map,NA-16,NA-16,printed label agrees,JUI-F / PML-N / PML-N,JUI-F / PML-N / PML-N,,,,0.78,,NA-16
NA-17,Kohistan,commons-1993,,"1993:2134,285,2361,460:24602",main map,NA-17,NA-17,printed label agrees,JUI-F / Independent / Independent,JUI-F / Independent / Independent,,,,0.84,,NA-17
NA-18,Dera Ismail Khan / D.I Khan,commons-1993,,"1993:1656,892,1889,1123:26891",main map,NA-18,NA-18,printed label agrees,PDA / IJM / PML-N,PDA / IJM / PML-N,,,,0.92,,NA-18
NA-19,Bannu 1 / Bannu I / Bannu,commons-1993,,"1993:1720,796,1808,850:2636",main map,NA-19,NA-19,printed label agrees,JUI-F / PML-N / PML-N,JUI-F / PML-N / PML-N,,,,1.0,,NA-19
NA-20,Bannu 2 / Bannu II / Lakki Marwat,commons-1993,,"1993:1713,816,1874,941:10622",main map,NA-20,NA-20,printed label agrees,IJI / PML-N / PML-N,IJI / PML-N / PML-N,,,,0.75,,NA-20
NA-21,Swat 1 / Swat I / Swat,commons-1993,,"1993:2026,417,2110,529:5485",main map,NA-21,NA-21,printed label agrees,IJI / PML-N / PML-N,IJI / PML-N / PML-N,,,,0.86,,NA-21
NA-22,Swat 2 / Swat II / Swat,commons-1993,,"1993:2040,274,2186,545:17786",main map,NA-22,NA-22,printed label agrees,Independent / PKQP / PML-N,Independent / PKQP / PML-N,,,,0.89,,NA-22
NA-23,Swat 3 / Buner Shangla,commons-1993,,"1993:2044,513,2143,597:3940",main map,NA-23,NA-23,printed label agrees,PDA / ANP / ANP,PDA / ANP / ANP,,,,0.85,,NA-23
NA-24,Chitral,commons-1993,,"1993:1860,104,2351,404:46890",main map,NA-24,NA-24,printed label agrees,IJI / PIF / PML-N,IJI / PIF / PML-N,,,,0.89,,NA-24
NA-25,Dir,commons-1993,,"1993:1919,296,2072,485:14647",main map,NA-25,NA-25,printed label agrees,PDA / PIF / PML-N,PDA / PIF / PML-N,,,,0.85,,NA-25
NA-26,Malakand,commons-1993,,"1993:1941,454,2047,565:6281",main map,NA-26,NA-26,printed label agrees,PDA / PPP / PML-N,PDA / PPP / PML-N,,,,0.37,,NA-26
NA-27,Tribal Area 1 - Mohmand Agency / Tribal Area / Mohmand Agency Trial Area,commons-1993,,"1993:1825,500,1948,607:6804",main map,NA-27,NA-27,printed label agrees,Independent / Independent / Independent,Independent / Independent / Independent,,,,0.86,,NA-27
NA-28,Tribal Area 2 - Kurram Agency / Tribal Area / Kurram Trial Area,commons-1993,,"1993:1622,624,1780,746:9628",main map,NA-28,NA-28,printed label agrees,Independent / Independent / Independent,Independent / Independent / Independent,,,,0.64,,NA-28
NA-29,Tribal Area 3 - Orakzai Agency / Tribal Area III / Orakzai Trial Area,commons-1993,,"1993:1752,645,1892,713:3905",main map,NA-29,NA-29,printed label agrees,Independent / Independent / Independent,Independent / Independent / Independent,,,,0.7,,NA-29
NA-30,Tribal Area 4 - North Waziristan Agency / Tribal Area IV  1993 / Trial Area,commons-1993,,"1993:1525,736,1769,895:17074",main map,NA-4,NA-30,printed label agrees,Independent / Independent / Independent,Independent / Independent / Independent,,,,0.79,,NA-30
NA-31,Tribal Area 5 - South Waziristan Agency / Tribal Area Full / South Waziristan Trial Area,commons-1993,,"1993:1511,864,1698,1022:16605",main map,NA-31,NA-31,printed label agrees,Independent / Independent / Independent,Independent / Independent / Independent,,,,0.66,,NA-31
NA-32,Tribal Area 6 - Bajaur Agency / Tribal Area / Bajaur Trial Area,commons-1993,,"1993:1865,457,1968,537:3956",main map,NA-32,NA-32,printed label agrees,Independent / Independent / Independent,Independent / Independent / Independent,,,,1.0,,NA-32
NA-33,Tribal Area 7 - Khyber Agency / Tribal Area / Khyber Trial Area,commons-1993,,"1993:1729,571,1912,681:7603",main map,NA-33,NA-33,printed label agrees,Independent / Independent / Independent,Independent / Independent / Independent,,,,0.93,,NA-33
NA-34,"Tribal Area 8: Tribal Areas Attached To Peshawar, Kohat, Bannu, Dera Ismail Khan, Tank And Lakki Marwat Districts / Tribal Area / FR FATA Trial Area",commons-1993,,"1993:1650,773,1801,958:5956",main map,NA-34,NA-34,printed label agrees,Independent / Independent / Independent,Independent / Independent / Independent,,,,0.38,,unused NA-34 unused
NA-35,Islamabad / Islamabad Full,commons-1993,,"1993:2154,663,2248,732:2899",main map,NA-35,NA-35,printed label agrees,IJI / PML-N / PML-N,IJI / PML-N / PML-N,,,,0.83,,NA-35
NA-36,Rawalpindi 1 / Rawalpindi I / Rawalpindi,commons-1993,,"1993:2213,615,2300,748:6160",main map,NA-36,NA-36,printed label agrees,IJI / PML-N / PML-N,IJI / PML-N / PML-N,,,,0.73,,NA-36
NA-37,Rawalpindi 2 / Rawalpindi II / Rawalpindi,commons-1993,,"1993:2173,728,2297,806:5555",main map,NA-37,NA-37,printed label agrees,IJI / PML-N / PML-N,IJI / PML-N / PML-N,,,,0.94,,NA-37
NA-38,Rawalpindi 3 / Rawalpindi III / Rawalpindi,commons-1993-inset,,"1993:2724,1016,2830,1106:4541",city box,NA-38,NA-38,printed label agrees,IJI / PML-N / PML-N,IJI / PML-N / PML-N,,,,,,NA-38
NA-39,Rawalpindi 4 / Rawalpindi IV / Rawalpindi,commons-1993,,"1993:2109,595,2210,682:3772",main map,NA-39,NA-13,region is printed NA-13,IJI / PML-N / PML-N,IJI / PML-N / PML-N,IJI / PML-N / PML-N,0,0,0.01,0.94,unused
NA-40,Rawalpindi 5 / Rawalpindi V / Rawalpindi,commons-1993,,"1993:2122,706,2208,788:3279",main map,NA-40,NA-40,printed label agrees,IJI / PML-N / PML-N,IJI / PML-N / PML-N,,,,0.92,,NA-40
NA-41,Attock 1 / Attock I Complete / Attock,commons-1993,,"1993:2000,622,2162,744:9728",main map,NA-41,NA-41,printed label agrees,IJI / PML-N / PML-N,IJI / PML-N / PML-N,,,,0.93,,NA-41
NA-42,Attock 2 / Attock II / Attock,commons-1993,,"1993:1953,692,2141,819:13183",main map,NA-42,NA-42,printed label agrees,IJI / PML-N / PML-N,PDA / PML-N / PML-N,,,,0.83,,NA-42
NA-43,Chakwal,commons-1993,,"1993:2087,780,2242,895:11773",main map,NA-43,NA-43,printed label agrees,IJI / PML-N / PML-N,IJI / PML-N / PML-N,,,,0.89,,NA-43
NA-44,Chakwal 2 / Chakwal II / Chakwal,commons-1993,,"1993:1976,785,2103,902:9270",main map,NA-44,NA-44,printed label agrees,IJI / PPP / PML-N,IJI / PPP / PML-N,,,,0.81,,NA-44
NA-45,Jhelum 1 / Jhelum I / Jhelum,commons-1993,,"1993:2211,770,2320,854:4562",main map,NA-45,NA-45,printed label agrees,PDA / PML-N / PML-N,PDA / PML-N / PML-N,,,,0.94,,NA-45
NA-46,Jhelum 2 / Jhelum II / Jhelum,commons-1993,,"1993:2120,833,2296,924:5121",main map,NA-46,NA-46,printed label agrees,IJI / PML-N / PML-N,Independent / PML-N / PML-N,,,,0.84,,NA-46
NA-47,Sargodha 1 / Sargodha I / Sargodha,commons-1993,,"1993:2133,896,2223,974:3357",main map,NA-47,NA-47,printed label agrees,PDA / PML-N / PML-N,PDA / PML-N / PML-N,,,,0.97,,NA-47
NA-48,Sargodha 2 / Sargodha II Full / Sargodha,commons-1993,,"1993:2148,953,2247,1023:3581",main map,NA-48,NA-48,printed label agrees,IJI / PPP / PML-N,IJI / PPP / PML-N,,,,0.88,,NA-48
NA-49,Sargodha 3 / Sargodha III / Sargodha,commons-1993,,"1993:2037,968,2182,1080:5483",main map,NA-49,NA-50,region is printed NA-50,IJI / PML-N / PML-N,IJI / PML-N / PML-N,IJI / PML-N / PML-N,0,0,0.86,0.86,unused
NA-50,Sargodha 4 / Sargodha IV / Sargodha,reconstructed,,,,,,Voronoi fallback,,,,,,,,NA-49
NA-51,Sargodha-Cum-Khushab / Sargodha Khushab / Sargodha Khushab V,commons-1993,,"1993:1963,873,2148,981:11170",main map,NA-51,NA-51,printed label agrees,IJI / PML-N / PML-N,IJI / PML-N / ?,,,,0.99,,NA-51
NA-52,Khushab,commons-1993,,"1993:1940,948,2068,1087:10472",main map,NA-52,NA-52,printed label agrees,IJI / PML-N / PML-N,IJI / PML-N / PML-N,,,,0.83,,NA-52
NA-53,Mianwali 1 / Mianwali I Full / Mianwali,commons-1993,,"1993:1843,760,2001,900:9981",main map,NA-53,NA-53,printed label agrees,IJI / Independent / PML-N,IJI / Independent / PML-N,,,,0.86,,NA-53
NA-54,Mianwali 2 / Mianwali II Full / Mianwali,commons-1993,,"1993:1858,855,1994,969:9459",main map,NA-54,NA-54,printed label agrees,IJI / Independent / PML-N,IJI / Independent / PML-N,,,,0.75,,NA-54
NA-55,Bhakkar 1 / Bhakkar I / Bhakkar,commons-1993,,"1993:1822,955,1967,1028:6591",main map,NA-55,NA-55,printed label agrees,IJI / PML-N / Independent,IJI / PML-N / Independent,,,,0.89,,NA-55
NA-56,Bhakkar 2 / Bhakkar II / Bhakkar,commons-1993,,"1993:1789,1006,2006,1154:19764",main map,NA-4,NA-56,printed label agrees,IJI / Independent / PML-N,IJI / Independent / PML-N,,,,0.8,,NA-56
NA-57,Faisalabad 1 / Faisalabad I / Faisalabad,commons-1993,,"1993:2201,1042,2275,1104:2554",main map,NA-57,NA-57,printed label agrees,IJI / PML-N / PML-N,IJI / PML-N / PML-N,,,,0.9,,NA-57
NA-58,Faisalabad 2 / Faisalabad II / Faisalabad,commons-1993,,"1993:2210,1096,2311,1145:3117",main map,NA-58,NA-58,printed label agrees,PDA / PPP / PML-N,PDA / PPP / PML-N,,,,0.86,,NA-58
NA-59,Faisalabad 3 / Faisalabad III / Faisalabad,commons-1993,,"1993:2189,1131,2264,1202:3144",main map,NA-59,NA-59,printed label agrees,IJI / PPP / PML-N,IJI / PPP / PML-N,,,,0.92,,NA-59
NA-60,Faisalabad 4 / Faisalabad IV / Faisalabad,commons-1993,,"1993:2131,1176,2224,1243:3651",main map,,NA-60,printed label agrees,IJI / PPP / PML-N,IJI / PPP / PML-N,,,,0.82,,NA-60
NA-61,Faisalabad 5 / Faisalabad V / Faisalabad,commons-1993,,"1993:2138,1106,2213,1184:2921",main map,NA-61,NA-61,printed label agrees,IJI / PPP / PML-N,IJI / PPP / PML-N,,,,0.98,,NA-61
NA-62,Faisalabad 6 / Faisalabad VI / Faisalabad,commons-1993,,"1993:2152,1077,2224,1126:1322",main map,NA-62,NA-62,printed label agrees,IJI / PPP / PML-N,IJI / PPP / PML-N,,,,1.0,,NA-62
NA-63,Faisalabad 7 / Faisalabad VII / Faisalabad,commons-1993-inset,,"1993:2559,1249,2664,1356:5536",city box,NA-63,NA-63,printed label agrees,IJI / PML-N / PML-N,IJI / PML-N / PML-N,,,,0.67,,NA-63
NA-64,Faisalabad 8 / Faisalabad VIII / Faisalabad,commons-1993-inset,,"1993:2629,1277,2712,1343:3353",city box,NA-64,NA-64,printed label agrees,IJI / PML-N / PML-N,IJI / PML-N / PML-N,,,,0.96,,NA-64
NA-65,Faisalabad 9 / Faisalabad IX / Faisalabad,commons-1993-inset,,"1993:2587,1338,2748,1407:6732",city box,NA-65,NA-65,printed label agrees,IJI / PML-N / PML-N,IJI / PML-N / PML-N,,,,0.37,,NA-65
NA-66,Jhang 1 / Jhang I / Jhang,commons-1993,,"1993:2111,1005,2227,1090:5011",main map,NA-66,NA-66,printed label agrees,PDA / PPP / Independent,PDA / PPP / PML-N,,,,0.9,,NA-66
NA-67,Jhang 2 / Jhang II / Jhang,commons-1993,,"1993:2056,1042,2171,1144:5814",main map,NA-67,NA-67,printed label agrees,IJI / PPP / PML-N,IJI / PPP / PML-N,,,,0.94,,NA-67
NA-68,Jhang 3 / Jhang III / Jhang,commons-1993,,"1993:2001,1042,2106,1182:7083",main map,NA-68,NA-68,printed label agrees,IJI / MDM / PML-N,IJI / MDM / PML-N,,,,0.91,,NA-68
NA-69,Jhang 4 / Jhang IV / Jhang,commons-1993,,"1993:2002,1154,2073,1244:3588",main map,NA-69,NA-69,printed label agrees,PDA / PPP / PML-N,PDA / PPP / PML-N,,,,0.76,,NA-69
NA-70,Jhang 5 / Jhang V / Jhang,commons-1993,,"1993:1930,1136,2028,1265:5812",main map,NA-70,NA-70,printed label agrees,PDA / PPP / PML-N,PDA / PPP / PML-N,,,,0.69,,NA-70
NA-71,Toba Tek Singh 1 / Toba Tek Singh I / Toba Tek Singh,commons-1993,,"1993:2081,1117,2160,1184:2569",main map,NA-71,NA-71,printed label agrees,IJI / PPP / PML-N,IJI / PPP / PML-N,,,,0.87,,NA-71
NA-72,Toba Tek Singh 2 / Toba Tek Singh II / Toba Tek Singh,commons-1993,,"1993:2046,1177,2150,1226:2774",main map,NA-72,NA-72,printed label agrees,IJI / PPP / PML-N,IJI / PPP / PML-N,,,,0.86,,NA-72
NA-73,Toba Tek Singh 3 / Toba Tek Singh III / Toba Tek Singh,commons-1993,,"1993:2026,1210,2155,1272:4631",main map,NA-73,NA-73,printed label agrees,IJI / PML-N / PML-N,IJI / PML-N / PML-N,,,,0.64,,NA-73
NA-74,Gujranwala 1 / Gujranwala I / Gujranwala,commons-1993,,"1993:2317,896,2419,971:3065",main map,NA-74,NA-74,printed label agrees,IJI / PML-J / PML-N,IJI / PML-J / PML-N,,,,0.74,,NA-74
NA-75,Gujranwala 2 / Hafizabad / Gujranwala,commons-1993,,"1993:2218,964,2325,1045:4623",main map,NA-75,NA-75,printed label agrees,Independent / PPP / PML-N,Independent / PPP / PML-N,,,,0.94,,NA-75
NA-76,Gujranwala 3 / Gujranwala III General / Gujranwala,commons-1993,,"1993:2361,941,2410,985:1455",main map,NA-76,NA-76,printed label agrees,IJI / PML-N / PML-N,IJI / PML-N / PML-N,,,,0.96,,NA-76
NA-77,Gujranwala 4 / Gujranwala IV / Gujranwala,commons-1993,,"1993:2399,946,2485,1019:3184",main map,NA-77,NA-77,printed label agrees,IJI / PML-J / PML-N,IJI / PML-J / PML-N,,,,0.5,,NA-77
NA-78,Gujranwala 5 / Gujranwala V / Gujranwala,commons-1993,,"1993:2338,982,2414,1034:2467",main map,NA-78,NA-78,printed label agrees,IJI / PPP / PML-N,IJI / PPP / PML-N,,,,1.0,,NA-78
NA-79,Gujranwala 6 / Gujranwala VI / Gujranwala,commons-1993,,"1993:2270,938,2369,1012:3326",main map,NA-79,NA-79,printed label agrees,PDA / PML-N / PML-N,PDA / PML-N / PML-N,,,,1.0,,NA-79
NA-80,Gujrat 1 / Gujrat I / Gujrat,commons-1993,,"1993:2389,840,2460,902:2234",main map,NA-80,NA-80,printed label agrees,IJI / PPP / PML-N,IJI / ? / PML-N,,,,0.59,,NA-80
NA-81,Gujrat 2 / Gujrat II / Gujrat,commons-1993,,"1993:2332,870,2403,927:2191",main map,NA-81,NA-81,printed label agrees,IJI / PPP / PML-N,IJI / PPP / PML-N,,,,0.99,,NA-81
NA-82,Gujrat 3 / Gujrat III / Gujrat,commons-1993,,"1993:2291,794,2410,878:3695",main map,NA-82,NA-82,printed label agrees,IJI / PPP / PML-N,IJI / PPP / PML-N,,,,0.6,,NA-82
NA-83,Gujrat 4 / Mandi Bahauddin Gujrat / Mandi Bahauddin,commons-1993,,"1993:2273,843,2365,917:3751",main map,NA-83,NA-83,printed label agrees,IJI / PPP / PML-N,IJI / PPP / PML-N,,,,1.0,,NA-83
NA-84,Gujrat 5 / Mandi Bahauddin,commons-1993,,"1993:2197,884,2352,977:6697",main map,NA-84,NA-84,printed label agrees,PDA / PPP / PML-N,PDA / PPP / PML-N,,,,0.98,,NA-84
NA-85,Sialkot 1 / Sialkot I / Sialkot,commons-1993,,"1993:2444,849,2505,916:1992",main map,NA-85,NA-85,printed label agrees,IJI / PML-N / PML-N,IJI / PML-N / PML-N,,,,0.42,,NA-85
NA-86,Sialkot 2 / Sialkot II / Sialkot,commons-1993,,"1993:2411,886,2467,948:1977",main map,NA-86,NA-86,printed label agrees,IJI / PML-J / PML-N,IJI / PML-J / PML-N,,,,0.95,,NA-86
NA-87,Sialkot 3 / Sialkot III / Sialkot,commons-1993,,"1993:2423,930,2501,987:1953",main map,NA-87,NA-87,printed label agrees,IJI / PML-N / PML-N,IJI / PML-N / PML-N,,,,1.0,,NA-87
NA-88,Sialkot 4 / Sialkot IV / Sialkot,commons-1993,,"1993:2460,906,2510,965:1568",main map,NA-88,NA-88,printed label agrees,IJI / PML-J / PML-N,IJI / PML-J / PML-N,,,,0.76,,NA-88
NA-89,Sialkot 5 / Sialkot Narowal / Narowal Sialkot,commons-1993,,"1993:2500,911,2601,972:3350",main map,NA-89,NA-89,printed label agrees,IJI / PML-N / PML-N,IJI / PML-N / PML-N,,,,0.48,,NA-89
NA-90,Sialkot 6 / Narowal I / Narowal,commons-1993,low,"1993:2543,928,2631,989:2550",main map,NA-4,NA-90,printed label agrees,IJI / PML-N / PML-N,IJI / PML-N / PML-N,,,,0.6,,NA-90
NA-91,Sialkot 7 / Narowal II / Sialkot,commons-1993,low,"1993:2408,991,2505,1061:2796",main map,,NA-101,region is printed NA-101,IJI / PPP / PML-N,IJI / PML-N / Independent,IJI / PPP / PML-N,2,0,0.28,0.49,unused
NA-92,Lahore 1 / Lahore I Full / Lahore,commons-1993-inset,,"1993:3108,1033,3206,1146:4095",city box,NA-92,NA-92,printed label agrees,IJI / PML-N / PML-N,IJI / PML-N / PML-N,,,,0.75,,NA-92
NA-93,Lahore 2 / Lahore II / Lahore,commons-1993-inset,,"1993:3160,1091,3223,1149:1901",city box,NA-93,NA-93,printed label agrees,PDA / PML-N / PML-N,PDA / PML-N / PML-N,,,,1.0,,NA-93
NA-94,Lahore 3 / Lahore III / Lahore,commons-1993-inset,,"1993:3193,1034,3366,1164:8999",city box,NA-94,NA-94,printed label agrees,IJI / PML-N / PML-N,IJI / PML-N / PML-N,,,,0.82,,NA-94
NA-95,Lahore 4 / Lahore IV Full / Lahore,commons-1993-inset,,"1993:3166,1161,3366,1358:15877",city box,NA-95,NA-96,region is printed NA-96,IJI / PML-N / PML-N,IJI / PML-N / PML-N,IJI / PML-N / PML-N,0,0,0.65,0.65,unused
NA-96,Lahore 5 / Lahore V / Lahore,commons-1993,,"1993:2447,1046,2505,1124:2336",main map,NA-4,NA-100,region is printed NA-100,IJI / PPP / Independent,IJI / PML-N / PML-N,IJI / PPP / Independent,2,0,0.07,0.07,NA-95
NA-97,Lahore 6 / Lahore VI / Lahore,commons-1993-inset,,"1993:3077,1230,3210,1366:8759",city box,NA-97,NA-97,printed label agrees,IJI / PML-N / PML-N,IJI / PML-N / PML-N,,,,0.85,,NA-97
NA-98,Lahore 7 / Lahore VII / Lahore,commons-1993-inset,,"1993:3050,1150,3181,1270:7528",city box,NA-98,NA-98,printed label agrees,IJI / PML-N / PML-N,IJI / PML-N / PML-N,,,,0.7,,NA-98
NA-99,Lahore 8 / Lahore VIII / Lahore,commons-1993,,"1993:2378,1082,2458,1141:2092",main map,NA-99,NA-99,printed label agrees,IJI / PML-N / PML-N,IJI / PML-N / PML-N,,,,0.99,,NA-99
NA-100,Lahore 9 / Lahore IX / Lahore,commons-1993,low,"1993:2239,1146,2333,1211:3106",main map,NA-100,NA-110,region is printed NA-110,IJI / PPP / PML-N,IJI / PPP / Independent,IJI / PPP / PML-N,1,0,0.0,0.64,NA-96
NA-101,Sheikhupura 1 / Sheikhupura I / Sheikhupura,commons-1993,low,"1993:2371,1025,2435,1079:1526",main map,NA-4,NA-102,region is printed NA-102,IJI / PPP / PML-N,IJI / PPP / PML-N,IJI / PPP / PML-N,0,0,0.9,0.9,NA-91
NA-102,Sheikhupura 2 / Sheikhupura II / Sheikhupura,commons-1993,low,"1993:2419,1056,2461,1103:1065",main map,,,region carries no label,? / ? / ?,IJI / PPP / PML-N,,,,0.15,,NA-101
NA-103,Sheikhupura 3 / Sheikhupura III / Sheikhupura,commons-1993,,"1993:2330,1025,2418,1112:3417",main map,NA-103,NA-103,printed label agrees,IJI / PML-N / PML-N,IJI / PML-N / PML-N,,,,0.81,,NA-103
NA-104,Sheikhupura 4 / Sheikhupura IV / Sheikhupura,commons-1993,,"1993:2244,1007,2349,1105:5000",main map,NA-104,NA-104,printed label agrees,IJI / PPP / PML-N,IJI / PPP / PML-N,,,,0.96,,NA-104
NA-105,Sheikhupura 5 / Sheikhupura V / Sheikhupura,commons-1993,,"1993:2250,1076,2381,1174:4317",main map,NA-105,NA-105,printed label agrees,IJI / PPP / PML-N,IJI / PPP / PML-N,,,,0.93,,NA-105
NA-106,Kasur 1 / Kasur I / Kasur,commons-1993,low,"1993:2349,1122,2454,1180:3010",main map,NA-4,NA-108,region is printed NA-108,Independent / PML-J / PML-N,Independent / PML-J / PML-N,Independent / PML-J / PML-N,0,0,0.72,0.72,NA-107
NA-107,Kasur 2 / Kasur II / Kasur,commons-1993,low,"1993:2412,1115,2510,1202:3397",main map,NA-206,NA-106,region is printed NA-106,Independent / PML-J / PML-N,IJI / PML-N / PML-N,Independent / PML-J / PML-N,2,0,0.3,0.3,NA-109
NA-108,Kasur 3 / Kasur III / Kasur,commons-1993,low,"1993:2312,1140,2391,1221:3113",main map,NA-4,NA-109,region is printed NA-109,IJI / PPP / PML-N,Independent / PML-J / PML-N,IJI / PPP / PML-N,2,0,0.97,0.97,NA-106
NA-109,Kasur 4 / Kasur IV / Kasur,commons-1993,low,"1993:2375,1166,2456,1253:3730",main map,NA-4,NA-107,region is printed NA-107,IJI / PML-N / PML-N,IJI / PPP / PML-N,IJI / PML-N / PML-N,1,0,0.78,0.78,NA-108
NA-110,Okara 1 / Okara I / Okara,reconstructed,,,,,,Voronoi fallback,,,,,,,,NA-100
NA-111,Okara 2 / Okara,commons-1993,,"1993:2245,1201,2310,1274:2396",main map,NA-111,NA-111,printed label agrees,IJI / PML-N / PML-N,IJI / PML-N / PML-N,,,,0.97,,NA-111
NA-112,Okara 3 / Okara,commons-1993,,"1993:2281,1200,2368,1257:2700",main map,NA-112,NA-112,printed label agrees,IJI / PML-N / PML-N,IJI / PML-N / PML-N,,,,0.83,,NA-112
NA-113,Okara 4 / Okara,commons-1997,,"1993:2275,1219,2408,1316:5523",main map,NA-13,NA-113,printed label agrees,IJI / PML-N / PML-N,IJI / PML-N / PML-N,,,,0.52,,NA-113
NA-114,Multan 1 / Multan,commons-1993,,"1993:1884,1283,1966,1365:2849",main map,NA-114,NA-120,region is printed NA-120,IJI / PPP / PML-N,PDA / PPP / PML-N,IJI / PPP / PML-N,1,0,0.89,1.0,NA-119
NA-115,Multan 2 / Multan,commons-1993,,"1993:1863,1347,1952,1393:2467",main map,NA-115,NA-115,printed label agrees,JUP-N / PML-N / PML-N,JUP-N / PML-N / PML-N,,,,0.9,,NA-115
NA-116,Multan 3 / Multan,commons-1993,,"1993:1842,1380,1926,1432:2165",main map,NA-116,NA-116,printed label agrees,IJI / PML-N / PML-N,IJI / PML-N / PML-N,,,,0.91,,NA-116
NA-117,Multan 4 / Lodhran,commons-1993,,"1993:1951,1355,2058,1448:4903",main map,NA-117,NA-131,region is printed NA-131,IJI / PPP / PML-N,IJI / PPP / PML-N,IJI / ? / PML-N,0,0,0.17,0.66,NA-131
NA-118,Multan 5 / Multan,commons-1993,,"1993:1871,1400,1972,1489:5109",main map,NA-118,NA-118,printed label agrees,IJI / PPP / PML-N,IJI / PPP / PML-N,,,,0.55,,NA-118
NA-119,Multan 6 / Multan,commons-1993,low,"1993:1873,1324,1935,1361:1382",main map,NA-14,NA-114,region is printed NA-114,PDA / PPP / PML-N,IJI / PML-N / PML-N,PDA / PPP / PML-N,2,0,0.98,0.98,unused
NA-120,Lahore 3 / Multan Khanewal,reconstructed,,,,,,Voronoi fallback,,,,,,,,NA-114
NA-121,Khanewal 1 / Khanewal,commons-1993,,"1993:1937,1241,2042,1315:4040",main map,NA-121,NA-121,printed label agrees,IJI / PPP / PML-N,IJI / PPP / PML-N,,,,0.92,,NA-121
NA-122,Khanewal 2 / Khanewal,commons-1993,,"1993:1956,1302,2030,1369:3197",main map,NA-122,NA-122,printed label agrees,IJI / PML-N / PML-N,IJI / PML-N / PML-N,,,,0.66,,NA-122
NA-123,Khanewal 3 / Khanewal,commons-1993,,"1993:2013,1269,2087,1353:3875",main map,NA-123,NA-123,printed label agrees,IJI / PPP / PML-N,IJI / PPP / PML-N,,,,0.74,,NA-123
NA-124,Sahiwal 1 / Sahiwal,commons-1993,,"1993:2176,1200,2253,1273:3325",main map,NA-124,NA-124,printed label agrees,IJI / PPP / PML-N,IJI / PPP / PML-N,,,,0.76,,NA-124
NA-125,Sahiwal 2 / Sahiwal,commons-1993,,"1993:2126,1235,2221,1302:3351",main map,NA-125,NA-125,printed label agrees,PDA / PPP / PML-N,PDA / PPP / PML-N,,,,1.0,,NA-125
NA-126,Sahiwal 3 / Sahiwal,commons-1993,,"1993:2067,1261,2160,1340:3416",main map,NA-126,NA-126,printed label agrees,IJI / PPP / PML-N,IJI / PPP / PML-N,,,,0.66,,NA-126
NA-127,Sahiwal 4 / Sahiwal,commons-1993,,"1993:2215,1254,2308,1334:3783",main map,NA-127,NA-127,printed label agrees,IJI / PPP / PML-N,IJI / PPP / PML-N,,,,0.69,,NA-127
NA-128,Sahiwal 5 / Sahiwal,commons-1993,,"1993:2161,1283,2258,1374:4378",main map,NA-4,NA-128,printed label agrees,IJI / PPP / PML-N,IJI / PPP / PML-N,,,,0.93,,NA-128
NA-129,Vehari 1 / Vehari,commons-1993,,"1993:2101,1306,2187,1400:4272",main map,NA-129,NA-129,printed label agrees,IJI / PPP / PML-N,IJI / PPP / PML-N,,,,0.69,,NA-129
NA-130,Vehari 2 / Vehari,commons-1993,,"1993:2031,1331,2125,1407:4400",main map,NA-130,NA-130,printed label agrees,IJI / PML-N / PML-N,IJI / PML-N / PML-N,,,,0.84,,NA-130
NA-131,Vehari 3 / Vehari III / Vehari,commons-1993,low,"1993:1919,1366,2033,1467:4557",main map,NA-17,NA-117,region is printed NA-117,IJI / PPP / PML-N,IJI / ? / PML-N,IJI / PPP / PML-N,0,0,0.01,0.74,NA-117
NA-132,Dera Ghazi Khan 1 / Dera Ghazi Khan,commons-1993,,"1993:1610,1109,1781,1361:25645",main map,NA-132,NA-132,printed label agrees,IJI / PPP / PML-N,IJI / PPP / PML-N,,,,0.78,,NA-132
NA-133,Dera Ghazi Khan 2 / Dera Ghazi Khan,commons-1993,,"1993:1585,1313,1790,1484:23015",main map,NA-133,NA-133,printed label agrees,PDA / PPP / Independent,PDA / PPP / Independent,,,,0.3,,NA-133
NA-134,Rajanpur,commons-1993,,"1993:1513,1428,1736,1652:25252",main map,NA-134,NA-134,printed label agrees,IJI / Independent / Independent,IJI / Independent / Independent,,,,0.73,,NA-134
NA-135,Muzaffargarh,commons-1993,,"1993:1771,1233,1961,1325:7922",main map,NA-135,NA-135,printed label agrees,JUP-N / PML-N / PML-N,JUP-N / PML-N / PML-N,,,,0.7,,NA-135
NA-136,Muzaffargarh 2 / Muzaffargarh,commons-1993,,"1993:1774,1278,1905,1368:5541",main map,NA-136,NA-136,printed label agrees,JUP-N / NDA / PML-N,JUP-N / NDA / PML-N,,,,0.74,,NA-136
NA-137,Muzaffargarh 3 / Muzaffargarh / Muzaffargarh III,commons-1993,,"1993:1751,1353,1866,1466:6265",main map,NA-137,NA-137,printed label agrees,Independent / Independent / PML-N,Independent / Independent / ?,,,,0.84,,NA-137
NA-138,Muzaffargarh 4 / Muzaffargarh,commons-1993,,"1993:1717,1441,1825,1571:5398",main map,NA-138,NA-138,printed label agrees,Independent / PPP / PML-N,Independent / PPP / PML-N,,,,0.47,,NA-138
NA-139,Layyah 1 / Layyah,commons-1993,,"1993:1772,1106,1969,1265:15561",main map,NA-139,NA-139,printed label agrees,IJI / PPP / PML-N,IJI / PPP / PML-N,,,,0.79,,NA-139
NA-140,Layyah 2 / Layyah,commons-1993,,"1993:1764,1165,1863,1256:6083",main map,NA-140,NA-140,printed label agrees,IJI / PPP / PML-N,IJI / PPP / PML-N,,,,0.46,,NA-140
NA-141,Bahawalpur 1 / Bahawalpur,commons-1993,,"1993:1792,1476,1936,1549:5437",main map,NA-141,NA-141,printed label agrees,IJI / PML-N / PML-N,Independent / PML-N / PML-N,,,,0.75,,NA-141
NA-142,Bahawalpur 2 / Bahawalpur,commons-1993,,"1993:1927,1451,2041,1516:4121",main map,NA-142,NA-142,printed label agrees,IJI / PML-N / PML-N,IJI / PML-N / PML-N,,,,1.0,,NA-142
NA-143,Bahawalpur 3 / Bahawalpur,commons-1993,,"1993:1802,1400,2135,1770:59178",main map,NA-17,NA-143,printed label agrees,IJI / PPP / PML-N,IJI / PPP / PML-N,,,,0.86,,NA-143
NA-144,Bahawalnagar 1 / Bahawalnagar,commons-1993,,"1993:2209,1313,2339,1398:5446",main map,NA-144,NA-144,printed label agrees,Independent / PML-N / PML-N,Independent / PML-N / PML-N,,,,0.72,,NA-144
NA-145,Bahawalnagar 2 / Bahawalnagar,commons-1993,,"1993:2095,1360,2236,1445:6458",main map,NA-145,NA-145,printed label agrees,IJI / PPP / PML-N,IJI / PPP / PML-N,,,,0.91,,NA-145
NA-146,Bahawalnagar 3 / Bahawalnagar,commons-1993,,"1993:2043,1432,2222,1586:11794",main map,NA-146,NA-146,printed label agrees,IJI / PPP / PML-N,IJI / PPP / PML-N,,,,0.76,,NA-146
NA-147,Rahim Yar Khan 1 / Rahim Yar Khan,commons-1993,,"1993:1704,1514,1826,1641:8863",main map,NA-147,NA-147,printed label agrees,PDA / PPP / PML-N,PDA / PPP / PML-N,,,,1.0,,NA-147
NA-148,Rahim Yar Khan 2 / Rahim Yar Khan,commons-1993,,"1993:1644,1586,1748,1678:5260",main map,NA-148,NA-148,printed label agrees,PDA / PPP / PML-N,PDA / PPP / PML-N,,,,1.0,,NA-148
NA-149,Rahim Yar Khan 3 / Rahim Yar Khan / Rahim Yar Khan III,commons-1993,,"1993:1609,1627,1835,1789:17680",main map,NA-4,NA-149,printed label agrees,IJI / PML-N / PML-N,IJI / PML-N / ?,,,,0.7,,NA-149
NA-150,Rahim Yar Khan 4 / Rahim Yar Khan,commons-1993,,"1993:1590,1624,1678,1711:3935",main map,NA-150,NA-150,printed label agrees,IJI / PML-N / PML-N,IJI / PML-N / PML-N,,,,0.65,,NA-150
NA-151,Sukkur 1 / Sukkur,commons-1993,,"1993:1422,1738,1520,1836:5127",main map,NA-4,NA-151,printed label agrees,PDA / PPP / PPP,PDA / PPP / PPP,,,,0.86,,NA-151
NA-152,Sukkur 2 / Sukkur Ghotki,commons-1993,,"1993:1451,1776,1642,1868:8225",main map,NA-152,NA-152,printed label agrees,PDA / PML-N / PPP,PDA / PML-N / PPP,,,,0.72,,NA-152
NA-153,Sukkur 3 / Sukkur,commons-1993,,"1993:1506,1671,1670,1799:10589",main map,NA-153,NA-153,printed label agrees,PDA / PPP / PPP,PDA / PPP / PPP,,,,0.97,,NA-153
NA-154,Shikarpur 1 / Shikarpur,commons-1993,,"1993:1306,1665,1468,1751:6174",main map,NA-154,NA-156,region is printed NA-156,Independent / PPP / PML-N,PDA / PPP / PPP,Independent / PPP / PML-N,2,0,0.63,0.07,unused
NA-155,Shikarpur 2 / Shikarpur,commons-1993,,"1993:1414,1713,1490,1777:2582",main map,NA-155,NA-155,printed label agrees,PDA / PPP / Independent,PDA / PPP / Independent,,,,0.18,,NA-155
NA-156,Jacobabad 1 / Jacobabad,commons-1993,,"1993:1278,1575,1502,1740:13898",main map,NA-4,NA-203,region is printed NA-203,PDA / Independent / Independent,Independent / PPP / PML-N,PDA / Independent / Independent,3,0,0.47,0.41,NA-154
NA-157,Jacobabad 2 / Jacobabad,commons-1993,,"1993:1436,1640,1602,1742:8022",main map,NA-157,NA-157,printed label agrees,Independent / PPP / PPP-SB,Independent / PPP / PPP-SB,,,,0.34,,NA-157
NA-158,Naushero Feroz 1 / Nawabshah / Nawabshah I,commons-1993,,"1993:1305,1866,1388,1928:3044",main map,NA-158,NA-158,printed label agrees,IJI / NPP / ?,IJI / NPP / ?,,,,0.75,,NA-158
NA-159,Nawabshah 2 / Nawabshah,commons-1993,low,"1993:1290,1910,1369,1974:3160",main map,NA-4,NA-159,printed label agrees,PDA / PPP / PML-N,PDA / PPP / PML-N,,,,0.94,,NA-159
NA-160,Nawabshah 1 / Nawabshah,commons-1993,,"1993:1358,1959,1452,2050:4629",main map,NA-160,NA-160,printed label agrees,IJI / PPP / PML-N,IJI / PPP / PML-N,,,,0.85,,NA-160
NA-161,Nawabshah 2 / Nawabshah,commons-1993,low,"1993:1301,1962,1379,2061:4962",main map,NA-4,NA-161,printed label agrees,PDA / PPP / PML-N,PDA / PPP / PML-N,,,,0.96,,NA-161
NA-162,Khairpur 1 / Khairpur,commons-1993,,"1993:1350,1778,1457,1875:5973",main map,NA-4,NA-162,printed label agrees,PDA / PPP / PML-N,PDA / PPP / PML-N,,,,0.89,,NA-162
NA-163,Khairpur 2 / Khairpur,commons-1993,,"1993:1363,1833,1658,2036:31264",main map,NA-163,NA-163,printed label agrees,PDA / PPP / PPP,PDA / PPP / PPP,,,,0.93,,NA-163
NA-164,Larkana 1 / Larkana,commons-1993,,"1993:1304,1741,1395,1823:3601",main map,NA-164,NA-164,printed label agrees,PDA / PPP / PPP,PDA / PPP / PPP,,,,0.78,,NA-164
NA-165,Larkana 2 / Larkana,reconstructed,,,,,,Voronoi fallback,,,,,,,,unused
NA-166,Larkana 3 / Larkana,reconstructed,,,,,,Voronoi fallback,,,,,,,,NA-178
NA-167,Hyderabad 1 / Hyderabad,commons-1993,,"1993:1359,2044,1439,2141:3203",main map,NA-167,NA-167,printed label agrees,PDA / PPP / PPP,PDA / PPP / PPP,,,,0.69,,NA-167
NA-168,Hyderabad 2 / Hyderabad,reconstructed,,,,,,Voronoi fallback,,,,,,,,unused
NA-169,Hyderabad 3 / Hyderabad / Hyderabad III,commons-1993,,"1993:1372,2137,1416,2170:864",main map,NA-169,NA-169,printed label agrees,HPG / PPP / HPG,HPG / PPP / ?,,,,1.0,,NA-169
NA-170,Hyderabad 4 / Hyderabad,commons-1993,,"1993:1373,2160,1440,2198:1531",main map,NA-170,NA-170,printed label agrees,PDA / PPP / PPP,PDA / PPP / PPP,,,,1.0,,NA-170
NA-171,Hyderabad 5 / Hyderabad,commons-1993,,"1993:1351,2182,1443,2243:2643",main map,NA-171,NA-171,printed label agrees,PDA / PPP / PPP,PDA / PPP / PPP,,,,0.77,,NA-171
NA-172,Badin 1 / Badin,commons-1993,,"1993:1422,2173,1525,2292:5886",main map,NA-172,NA-172,printed label agrees,PDA / PPP / PPP,PDA / PPP / PPP,,,,0.51,,NA-172
NA-173,Badin 2 / Badin,commons-1993,,"1993:1364,2221,1475,2326:6328",main map,NA-173,NA-173,printed label agrees,PDA / PPP / PPP,PDA / PPP / PPP,,,,0.68,,NA-173
NA-174,Tharparkar 1 / Tharparkar,commons-1993,,"1993:1457,2103,1539,2212:5245",main map,NA-174,NA-174,printed label agrees,HPG / PPP / PPP,HPG / PPP / PPP,,,,0.94,,NA-174
NA-175,Tharparkar 2 / Tharparkar,commons-1997,,"1993:1499,2094,1681,2251:12235",main map,NA-176,NA-175,printed label agrees,IJI / PPP / PML-N,IJI / PPP / PML-N,,,,0.73,,NA-175
NA-176,Tharparkar 3 / Tharparkar,commons-1993,,"1993:1467,2096,1771,2332:33480",main map,NA-176,NA-176,printed label agrees,Independent / PPP / Independent,Independent / PPP / Independent,,,,0.92,,NA-176
NA-177,Dadu 1 / Dadu,commons-1993,,"1993:1183,1827,1321,1922:8692",main map,NA-177,NA-177,printed label agrees,PDA / PPP / Independent,PDA / PPP / Independent,,,,0.86,,NA-177
NA-178,Dadu 2 / Dadu,commons-1993,low,"1993:1190,1738,1322,1852:9475",main map,NA-6,NA-166,region is printed NA-166,PDA / PPP / PPP,PDA / PPP / PPP,PDA / PPP / PPP,0,0,0.35,0.65,NA-179
NA-179,Dadu 3 / Dadu,commons-1993,low,"1993:1184,1910,1305,2048:11307",main map,NA-4,NA-178,region is printed NA-178,PDA / PPP / PPP,PDA / PPP / PML-N,PDA / PPP / PPP,1,0,0.89,0.89,unused
NA-180,Sanghar 1 / Sanghar,commons-1993,,"1993:1388,1985,1500,2111:8145",main map,NA-180,NA-180,printed label agrees,Independent / PML-N / Independent,Independent / PML-N / Independent,,,,0.99,,NA-180
NA-181,Sanghar 2 / Sanghar,commons-1993,,"1993:1474,2021,1671,2135:14506",main map,NA-181,NA-181,printed label agrees,Independent / PML-N / Independent,Independent / PML-N / Independent,,,,0.91,,NA-181
NA-182,Thatta 1 / Thatta,commons-1993,,"1993:1208,2148,1378,2387:16134",main map,NA-182,NA-182,printed label agrees,PDA / PPP / PPP,PDA / PPP / PPP,,,,0.89,,NA-182
NA-183,Thatta 2 / Thatta,commons-1993,,"1993:1274,2209,1425,2388:13576",main map,NA-183,NA-183,printed label agrees,PDA / Independent / PPP,PDA / Independent / PPP,,,,0.6,,NA-183
NA-184,Karachi West 1 / Karachi West,commons-1993-inset,low,"1993:76,2356,996,2838:129547",city box,NA-138,NA-184,printed label agrees,HPG / PML-N / PML-N,HPG / PML-N / PML-N,,,,0.43,,NA-184
NA-185,Karachi West 2 / Karachi West,commons-1993-inset,,"1993:386,2549,682,2844:37785",city box,NA-185,NA-185,printed label agrees,HPG / PPP / HPG,HPG / PPP / HPG,,,,0.91,,NA-185
NA-186,Karachi Central 1 / Karachi Central,commons-1993-inset,,"1993:674,2491,773,2602:6736",city box,NA-186,NA-186,printed label agrees,HPG / PML-N / HPG,HPG / PML-N / HPG,,,,1.0,,NA-186
NA-187,Karachi Central 2 / Karachi Central,commons-1993-inset,,"1993:661,2558,770,2661:5975",city box,NA-187,NA-187,printed label agrees,HPG / PML-N / HPG,HPG / PML-N / HPG,,,,1.0,,NA-187
NA-188,Karachi Central 3 / Karachi Central,commons-1993-inset,,"1993:627,2603,731,2712:5659",city box,NA-188,NA-188,printed label agrees,HPG / PIF / HPG,HPG / PIF / HPG,,,,1.0,,NA-188
NA-189,Karachi South 1 / Karachi South,commons-1993-inset,,"1993:567,2694,667,2732:2217",city box,NA-189,NA-189,printed label agrees,PDA / PPP / PPP,PDA / PPP / PPP,,,,1.0,,NA-189
NA-190,Karachi South 2 / Karachi South,commons-1993-inset,,"1993:580,2724,656,2758:1419",city box,NA-190,NA-190,printed label agrees,HPG / PPP / HPG,HPG / PPP / HPG,,,,1.0,,NA-190
NA-191,Karachi South 3 / Karachi South,commons-1993-inset,,"1993:605,2718,788,2909:13574",city box,NA-191,NA-191,printed label agrees,HPG / PML-N / PML-N,HPG / PML-N / PML-N,,,,0.71,,NA-191
NA-192,Karachi East 1 / Karachi East,commons-1993-inset,,"1993:760,2477,966,2628:15213",city box,NA-192,NA-192,printed label agrees,HPG / PML-N / HPG,HPG / PML-N / HPG,,,,0.72,,NA-192
NA-193,Karachi East 2 / Karachi East,commons-1993-inset,,"1993:729,2595,879,2682:6012",city box,NA-193,NA-193,printed label agrees,HPG / PML-N / HPG,HPG / PML-N / HPG,,,,1.0,,NA-193
NA-194,Karachi East 3 / Karachi East,commons-1993-inset,,"1993:662,2667,843,2760:9265",city box,NA-194,NA-194,printed label agrees,HPG / PPP / HPG,HPG / PPP / HPG,,,,1.0,,NA-194
NA-195,Karachi East 4 / Karachi East,commons-1993-inset,low,"1993:733,2747,953,2834:11132",city box,NA-4,NA-195,printed label agrees,HPG / PPP / HPG,HPG / PPP / HPG,,,,0.85,,NA-195
NA-196,Karachi East 5 / Karachi East,commons-1990,,"1993:1143,2114,1247,2244:4548",main map,NA-196,NA-196,printed label agrees,HPG / PPP / HPG,HPG / PPP / HPG,,,,0.29,,NA-196 unused
NA-197,Quetta / Quetta Chagai,reconstructed,,,,,,Voronoi fallback,,,,,,,,unused
NA-198,Pishin,commons-1993,,"1993:1008,1078,1259,1307:29197",main map,NA-198,NA-198,printed label agrees,PKMAP / PKMAP / JUI-F,PKMAP / PKMAP / JUI-F,,,,0.83,,NA-198
NA-199,Loralai,commons-1993,,"1993:1245,1049,1689,1446:61288",main map,NA-199,NA-199,printed label agrees,IJI / IJM / PML-N,IJI / IJM / PML-N,,,,0.63,,NA-199
NA-200,Zhob,commons-1993,,"1993:1198,966,1635,1232:72212",main map,NA-200,NA-200,printed label agrees,JUI-F / PKMAP / JUI-F,JUI-F / PKMAP / JUI-F,,,,0.85,,NA-200
NA-201,Bolan / Kachhi,commons-1993,,"1993:1155,1338,1340,1755:40051",main map,NA-201,NA-201,printed label agrees,JWP / JWP / JWP,JWP / JWP / JWP,,,,0.54,,NA-201
NA-202,Sibi-Cum-Kohlu-Cum-Dera Bugti-Cum-Ziarat / Sibbi Kohlu Dera Bugti Ziarat,commons-1993,,"1993:1159,1214,1591,1660:92126",main map,NA-202,NA-202,printed label agrees,JWP / JWP / JWP,JWP / JWP / JWP,,,,0.83,,NA-202
NA-203,Jaffarabad,commons-1997,,"1993:1278,1575,1502,1740:13898",main map,NA-4,NA-203,printed label agrees,PDA / Independent / Independent,PDA / Independent / Independent,,,,0.41,,NA-156+NA-203
NA-204,Kalat-Cum-Kharan / Kalat Kharan,commons-1993,,"1993:440,1296,1210,1863:179767",main map,NA-4,NA-204,printed label agrees,JUI-F / IJM / BNP,JUI-F / IJM / BNP,,,,0.92,,NA-204
NA-205,Khuzdar,commons-1993,,"1993:653,1548,1224,2133:159040",main map,NA-4,NA-205,printed label agrees,PNP / BNM-M / BNP,PNP / BNM-M / BNP,,,,0.9,,NA-205
NA-206,Lasbela-Cum-Gwadar / Lasbela Gwadur,commons-1990,,"1993:237,1922,1230,2232:68564",main map,NA-4,NA-206,printed label agrees,IJI / PPP / PML-N,IJI / PPP / PML-N,,,,0.79,,NA-206
NA-207,Turbat-Cum-Panjgur / Turbat Panjgur,commons-1993,,"1993:246,1802,876,2129:114894",main map,NA-207,NA-207,printed label agrees,PNP / BNM-H / BNP,PNP / BNM-H / BNP,,,,0.94,,NA-207
