na,constituency_name,ps_total,reg_male,reg_female,reg_total,polled_male,polled_female,polled_total,valid_votes,rejected_votes,turnout_pct,winner_name,winner_party,winner_votes,runnerup_name,runnerup_party,runnerup_votes,n_candidates,form_date,flags
NA-3,Swat-II,309,251356,211325,462681,127255,39773,167028,162062,4966,36.1,Saleem Rehman,Independent,81411,Wajid Ali Khan,PML-N,27861,8,2024-02-09,
NA-5,Upper Dir,421,327153,263280,590433,132617,80611,213228,204209,9019,36.11,Sahibzada Sibghatullah,Independent,90865,Najmuddin Khan,PPPP,37615,11,2024-02-09,
NA-6,Lower Dir-I,307,253972,203103,457075,109850,58836,168686,164184,4502,36.91,Muhammad Bashir Khan,Independent,81060,Siraj-ul-Haq,JIP,56538,11,2024-02-09,
NA-9,Malakand,348,254116,214335,468451,126583,75292,201875,196146,5729,43.09,Junaid Akbar,Independent,113513,Syed Ahmad Ali Shah,PPPP,40740,15,2024-02-09,
NA-10,Buner,397,302606,259646,562252,150155,59568,209723,201230,8493,37.3,Gohar Ali Khan,Independent,110023,Abdul Rauf,ANP,30302,8,2024-02-09,
NA-11,Shangla,346,247099,218503,465602,114830,37023,151853,146110,5743,32.61,Amir Muqam,PML-N,59863,Syed Fareen,Independent,54311,16,,illegible:form_date
NA-13,Battagram,278,179563,149339,328902,76048,17604,93652,90231,3421,28.47,Muhammad Nawaz Khan,Independent,32164,Muhammad Yousaf,JUI,21291,11,2024-02-09,
NA-15,Mansehra-cum-Torghar,550,344125,300924,645049,140288,107312,247600,238518,9082,38.38,Shahzada Muhammad Gushtasip Khan,Independent,105249,Muhammad Nawaz Sharif,PML-N,80382,15,2024-02-09,
NA-17,Abbottabad-II,324,207828,190367,398195,100723,75942,176665,172663,4002,44.37,Ali Khan Jadoon,Independent,97177,Mohabbat Khan,PML-N,44522,11,2024-02-09,
NA-18,Haripur,604,379500,345415,724915,201304,160315,361619,349897,11722,49.88,Umar Ayub Khan,Independent,192948,Babar Nawaz Khan,PML-N,112389,16,2024-02-09,
NA-23,Mardan-III,317,253199,204915,458114,128210,74888,203098,198031,5067,44.33,Ali Muhammad,Independent,102175,Ahmad Khan,ANP,33910,11,2024-02-09,
NA-24,Charsadda-I,354,280438,223832,504270,135216,63387,198603,193308,5295,39.38,Anwar Taj,Independent,89801,Gohar Ali,JUI,48545,9,2024-02-09,
NA-25,Charsadda-II,392,305911,256487,562398,150799,73730,224529,219077,5452,39.92,Fazal Muhammad Khan,Independent,100713,Aimal Wali Khan,ANP,67876,13,2024-02-09,
NA-26,Mohmand,194,206785,152260,359045,71800,26097,97897,93757,4140,27.27,Sajid Khan,Independent,41489,Muhammad Arif,JUI,19930,12,2024-02-09,
NA-27,Khyber,342,347686,288663,636349,108661,30910,139571,135401,4170,21.93,Muhammad Iqbal Khan,Independent,85514,Shandi Gul Afridi,PML-N,18832,14,2024-02-09,
NA-28,Peshawar-I,265,219835,176210,396045,158130,87672,245802,241123,4679,62.06,Noor Alam Khan,JUI,138389,Sajid Nawaz,Independent,65119,13,2024-02-09,
NA-29,Peshawar-II,201,176312,142462,318774,87489,39118,126607,122708,3899,39.72,Arbab Amir Ayub,Independent,68792,Saqibullah Khan,ANP,18888,14,2024-02-09,
NA-30,Peshawar-III,267,225785,178837,404622,99658,37104,136762,131994,4768,33.8,Shandana Gulzar Khan,Independent,78971,Nasir Khan,JUI,20950,15,2024-02-09,
NA-31,Peshawar-IV,246,218059,181219,399278,100504,45688,146192,143078,3114,36.61,Sher Ali Arbab,Independent,82985,Arbab Alamgir Khan,PPPP,22543,21,09 Feb 2024,
NA-32,Peshawar-V,301,325420,263553,588973,156118,69927,226045,220490,5555,38.38,Asif Khan,Independent,122792,Haji Ghulam Ahmad Bilour,ANP,45846,25,09 Feb 2024,
NA-33,Nowshera-I,319,238365,205977,444342,126700,75839,202539,196833,5706,45.58,Syed Shah Ahad Ali Shah,Independent,93429,Pervez Khattak,PTI-P,26574,12,09 Feb 2024,
NA-34,Nowshera-II,309,243820,208925,452745,131815,81539,213354,208095,5259,47.12,Zulfiqar Ali,Independent,95692,Imran Khattak,PTI-P,32698,18,09 Feb 2024,
NA-35,Kohat,491,361031,305208,666239,155415,92378,247793,242064,5729,37.19,Shehryar Afridi,Independent,128491,Abbas Afridi,PML-N,57184,18,,illegible:form_date
NA-36,Hangu-cum-Orakzai,386,308316,247744,556060,94704,42220,136924,133184,3740,24.62,Yousaf Khan,Independent,73076,Ubaidullah,JUI,34324,19,09 Feb 2024,
NA-37,Kurram,289,227910,187627,415537,91849,64667,156516,153220,3296,37.67,Hamid Hussain,MWM,58650,Sajid Hussain Turi,PPPP,54384,34,09 Feb 2024,multipage
NA-38,Karak,374,258285,228469,486754,125278,93380,218658,214177,4481,44.92,Shahid Ahmed,Independent,117887,Shah Abdul Aziz,JUI,40761,31,10 Feb 2024,
NA-39,Bannu,524,392105,331354,723459,192992,92275,285267,277991,7276,39.43,Naseem Ali Shah,Independent,147087,Zahid Akram Durrani,JUI,110675,19,09 Feb 2024,
NA-40,North Waziristan,263,249291,181193,430484,95778,47520,143298,141461,1837,33.29,Misbahuddin,JUI,42994,Aurangzeb Khan,Independent,33852,15,10 Feb 2024,
NA-41,Lakki Marwat,409,277583,239162,516745,146057,103000,249057,241969,7088,48.10,Sher Afzal Khan,Independent,117988,Asjad Mehmood,JUI,68303,39,,illegible:form_date
NA-42,South Waziristan Upper-cum-South Waziristan Lower,276,276426,190866,467292,58742,17588,76330,73598,2732,16.33,Zubair Khan,Independent,20022,Muhammad Ali,Independent,16194,29,09 Feb 2024,
NA-43,Tank-cum-D.I. Khan,348,214789,177425,392214,104867,65029,169896,164839,5057,43.32,Dawar Khan Kundi,Independent,63556,Asad Mahmood,JUI,62730,22,10 Feb 2024,
NA-44,D.I. Khan-I,358,208481,183401,391882,129791,87745,217536,210736,6800,55.51,Ali Amin Khan,Independent,93443,Fazlur Rehman,JUI,59922,20,09 Feb 2024,
NA-45,D.I. Khan-II,307,174261,146212,320473,103320,56847,160167,152117,8050,49.98,Fatehullah Khan,PPPP,56933,Ubaid ur Rehman,JUI,48343,12,09 Feb 2024,
NA-46,ICT-I Islamabad,342,183925,166656,350581,,,149586,148783,803,43,Anjum Aqeel Khan,PML-N,81958,Aamir Masood,Independent,44317,43,09-02-2024,"illegible:polled_male,illegible:polled_female"
NA-47,Islamabad-II,387,227175,206025,433200,142995,109921,252916,251867,1049,58.38,Tariq Fazal Chaudhry,PML-N,101397,Muhammad Shoaib Shaheen,Independent,86794,34,10 Feb 2024,
NA-48,Islamabad-III,261,157305,141942,299247,100264,82589,182853,181642,1211,61.10,Raja Khurram Shahzad Nawaz,Independent,69699,Syed Muhammad Ali Bukhari,Independent,59851,36,09 Feb 2024,multipage
NA-49,Attock-I,461,334246,306643,640889,,151174,322642,317451,5191,50.34,Sheikh Aftab Ahmed,PML-N,119727,Tahir Sadiq,Independent,110230,12,09 Feb 2024,illegible:polled_male
NA-50,Attock-II,556,,,708131,,,425852,415913,9939,54,Malik Sohail Khan,PML-N,119075,Eman Waseem,Independent,109189,20,09.2.2024,"illegible:reg_male,illegible:reg_female,illegible:polled_male,illegible:polled_female"
NA-51,Murree-cum-Rawalpindi,559,351287,329949,681236,191874,165727,357601,349119,8482,52.49,Raja Osama Sarwar,PML-N,149250,Muhammad Latasab Satti,Independent,113843,27,2024-02-09,
NA-52,Rawalpindi-I,541,341743,324473,666216,173862,162454,336316,328083,8233,50.48,Raja Pervaiz Ashraf,PPPP,112265,Tariq Aziz Bhatti,Independent,91547,19,2024-02-09,
NA-53,Rawalpindi-II,329,207590,193786,401376,114713,98303,213016,207835,5181,53.07,Raja Qamar-ul-Islam,PML-N,72006,Ajmal Sabir Raja,Independent,58476,21,2024-02-09,
NA-54,Rawalpindi-III,344,241350,224994,466344,132923,102925,235848,230624,5224,50.57,Aqeel Malik,Independent,85912,Tahir Masood,Independent,73694,30,2024-02-09,
NA-55,Rawalpindi-IV,311,221049,210783,431832,125839,113006,238845,235035,3810,55.31,Ibrar Ahmed,PML-N,112343,Muhammad Basharat Raja,Independent,96787,30,2024-02-11,
NA-56,Rawalpindi-V,371,272459,251274,523733,128004,91144,219148,214992,4156,41.84,Muhammad Hanif Abbasi,PML-N,96649,Shehryar Riaz,Independent,82613,30,09.02.2024,
NA-57,Rawalpindi-VI,326,222434,209077,431511,105041,77370,182411,179289,3122,42.20,Daniyal Chaudhry,PML-N,83331,Seemabia Tahir,Independent,56789,26,09/02/2024,
NA-58,Chakwal-I,459,300407,293602,594009,192669,175899,368568,366325,2243,62.05,Tahir Iqbal,PML-N,115974,Ayaz Amir,Independent,102537,19,09.02.2024,
NA-59,Talagang-cum-Chakwal,467,309180,298660,607840,245082,110504,355586,331039,24547,58.49,Sardar Ghulam Abbas,PML-N,141680,Roman Ahmad,Independent,129716,21,09/02/2024,
NA-60,Jhelum-I,386,274745,264152,538897,121525,116020,237545,231836,5709,44.08,Bilal Azhar Kayani,PML-N,99948,Hassan Adeel,Independent,90474,18,09-02-2024,
NA-61,Jhelum-II,380,269016,248567,517583,129990,116092,246082,236423,9659,47.54,Chaudhry Farrukh Altaf,PML-N,88038,Shaukat Iqbal Mirza,Independent,84584,13,10 Feb 2024,
NA-62,Gujrat-I,348,276123,256229,532352,127701,101469,229170,228805,5346,43.98,Muhammad Ilyas Chaudhry,Independent,97436,Chaudhry Abid Raza,PML-N,71154,26,10-Feb-24,valid+rej!=polled
NA-63,Gujrat-II,358,280812,247147,527959,141035,128090,269125,265331,5631,51.32,Hussain Elahi,PML,88069,Sajid Yousaf,Independent,81640,14,09-02-2024,valid+rej!=polled
NA-64,Gujrat-III,359,290657,260967,551624,,,223898,223082,816,40,Chaudhry Salik Hussain,PML,105205,Qaisara Elahi,Independent,80946,18,,"illegible:polled_male,illegible:polled_female,illegible:form_date"
NA-65,Gujrat-IV,414,310662,275591,586253,156573,130904,287477,277854,9092,48.95,Chaudhry Naseer Ahmed Abbas,PML-N,90982,Syed Wajahat Hussain Shah,Independent,82411,20,9/2/2024,valid+rej!=polled
NA-66,Wazirabad,396,346741,300131,646872,172665,140832,313497,304248,9249,48.46,Muhammad Ahmad Chattha,Independent,160676,Nisar Ahmad Cheema,PML-N,100633,27,9 Feb 2024,
NA-67,Hafizabad,619,439770,370953,810723,264084,198155,462239,448862,13377,57.02,Aniqa Mehdi,Independent,211039,Saira Tarar,PML-N,183946,22,10 Feb 2024,
NA-68,Mandi Bahauddin-I,385,325060,288121,613181,167318,139354,306672,297621,9051,50.01,Haji Imtiaz Ahmed Chaudhry,Independent,166093,Mushahid Raza,PML-N,70926,24,09-02-2024,
NA-69,Mandi Bahauddin-II,377,325897,276004,601901,176185,122814,298999,287271,11609,49.66,Nasir Iqbal Bosal,PML-N,113285,Kausar Parveen,Independent,108768,20,09/02/24,valid+rej!=polled
NA-70,Sialkot-I,363,301530,254222,555752,161910,130415,292325,285249,7076,52.6,Chaudhry Armaghan Subhani,PML-N,123437,Hafiz Hamid Raza,Independent,112117,24,09 Feb 2024,
NA-71,Sialkot-II,358,305133,272148,577281,148466,103618,252084,245451,6633,43.67,Khawaja Muhammad Asif,PML-N,119001,Rehana Imtiaz Dar,Independent,100482,18,2024-02-09,
NA-72,Sialkot-III,385,320186,268834,589020,168277,129293,297570,290327,7243,50.52,Ali Zahid,PML-N,109657,Chaudhry Amjad Ali Bajwa,Independent,102527,23,2024-02-10,
NA-73,Sialkot-IV,351,287754,247044,534798,148736,110175,258911,253726,5185,48.41,Nosheen Iftikhar,PML-N,112143,Ali Asjad Malhi,Independent,104067,26,2024-02-09,
NA-74,Sialkot-V,352,289189,250204,539393,150502,122734,273236,267518,5718,50.66,Muhammad Aslam Ghumman,Independent,130504,Rana Shamim Ahmed Khan,PML-N,95988,18,2024-02-09,
NA-75,Narowal-I,415,341939,286921,628860,178846,145379,324225,314394,9831,51.56,Anwar-ul-Haq Chaudhry,PML-N,99625,Tahir Ali Javed,Independent,75626,20,2024-02-09,
NA-76,Narowal-II,414,329024,280256,609280,173793,132493,306286,299826,6460,50.27,Ahsan Iqbal Chaudhry,PML-N,136279,Javed Safdar Kahloon,Independent,109309,20,2024-02-09,
NA-77,Gujranwala-I,321,263856,219248,483104,148961,100188,249149,241513,7636,51.57,Chaudhry Mehmood Bashir Virk,PML-N,106451,Rashida Tariq,Independent,91812,25,2024-02-09,
NA-78,Gujranwala-II,319,308306,263257,571563,146730,92449,239179,233746,5433,41.85,Muhammad Mobeen Arif,Independent,106483,Khurram Dastgir Khan,PML-N,89465,35,2024-02-09,
NA-79,Gujranwala-III,326,329205,269934,599139,179975,123303,303278,293978,9300,50.62,Ehsanullah Virk,Independent,104023,Zulfiqar Ahmed,PML-N,99635,29,2024-02-09,
NA-80,Gujranwala-IV,383,327739,273458,601197,151056,88538,239594,234327,5267,39.85,Shahid Usman,PML-N,98160,Lala Asadullah,Independent,95007,34,2024-02-09,
NA-81,Gujranwala-V,338,289939,236185,526124,162319,115952,273724,266622,7102,52.02651846,Ch. Bilal Ejaz,Independent,117717,Azhar Qayyum Nahra,PML-N,109926,17,2024-02-09,polled_m+f!=polled_total
NA-82,Sargodha-I,360,298879,264237,563116,163164,130135,293299,284402,8897,52.09,Mukhtar Ahmed Malik,PML-N,108714,Nadeem Afzal Gondal,PPPP,87349,11,2024-02-09,
NA-83,Sargodha-II,328,283841,244713,528554,163728,114025,277753,268068,9685,52.55,Usama Ahmed Mela,Independent,136566,Mohsin Nawaz Ranjha,PML-N,98700,11,2024-02-09,
NA-84,Sargodha-III,344,279393,251292,530685,142106,100610,242716,236454,6262,45.74,Shafqat Abbas,Independent,101944,Liaqat Ali Khan,PML-N,77477,25,2024-02-09,
NA-85,Sargodha-IV,323,269810,237406,507216,158412,119311,277723,271104,6619,54.75,Zulfiqar Ali Bhatti,PML-N,121001,Khudadad,Independent,111135,20,2024-02-10,
NA-86,Sargodha-V,343,285571,253557,539128,152799,121250,274049,260812,13237,50.83,Muhammad Miqdad Ali Khan,Independent,105868,Syed Javed Hasnain,PML-N,94479,15,2024-02-09,
NA-87,Khushab-I,345,251900,237979,489879,,,271355,269553,1802,55.39,Malik Shakir Bashir Awan,PML-N,117773,Umar Aslam Khan,Independent,108308,11,2024-02-09,"illegible:polled_male,illegible:polled_female"
NA-88,Khushab-II,331,236055,215252,451307,,,281919,273506,8413,62.47,Gul Asghar Khan,IPP,82577,Muhammad Muazzam Sher,Independent,64156,13,2024-02-15,"illegible:polled_male,illegible:polled_female"
NA-89,Mianwali-I,419,296652,268785,565437,169220,138867,308087,300394,7693,54.49,Muhammad Jamal Ahsan Khan,Independent,217427,Obaidullah Khan,PML-N,34068,17,2024-02-09,
NA-90,Mianwali-II,369,263637,239448,503085,166982,125825,292807,284580,8227,58.2,Umair Khan Niazi,Independent,179820,Muhammad Humair Hayat Khan Niazi,PML-N,51223,16,2024-02-09,
NA-91,Bhakkar-I,375,269470,239948,509418,183294,137276,320570,307057,13513,62.93%,Muhammad Sanaullah Khan Masti Khel,Independent,106003,Abdul Majeed Khan,PML-N,85429,17,09 Feb 2024,
NA-92,Bhakkar-II,392,281776,251490,533266,200833,158475,359308,347558,11750,67.38%,Rasheed Akbar Khan,Independent,142761,Muhammad Afzal Khan,Independent,131176,14,09 Feb 2024,
NA-93,Chiniot-I,313,230867,206174,437041,135738,102225,237963,228744,9219,54.45%,Ghulam Muhammad,Independent,94355,Ghulam Abbas,Independent,59901,14,09 Feb 2024,
NA-94,Chiniot-II,303,237953,209585,447538,148229,107866,256095,248293,7802,57.22%,Qaiser Ahmed Sheikh,PML-N,79546,Muhammad Khalid,Independent,72274,21,09 Feb 2024,
NA-95,Faisalabad-I,323,277868,236773,514641,166567,118607,285174,278347,6827,55.41%,Ali Afzal Sahi,Independent,144761,Azad Ali Tabassum,PML-N,93938,25,09 Feb 2024,
NA-96,Faisalabad-II,345,302469,260422,562891,167733,113041,280774,274676,6098,49.88%,Rai Haider Ali Khan,Independent,134485,Nawab Sher,PML-N,92504,24,09 Feb 2024,
NA-97,Faisalabad-III,341,272265,219438,491703,148749,102858,251607,242133,9474,51.17%,Muhammad Saadullah,Independent,72614,Ali Gohar Khan,PML-N,70311,22,09 Feb 2024,
NA-98,Faisalabad-IV,378,312431,267026,579457,167983,126313,294296,285585,8711,50.79%,Chaudhry Muhammad Shahbaz Babar,PML-N,119443,Mumtaz Ahmed,Independent,105434,20,09 Feb 2024,
NA-99,Faisalabad-V,392,265019,226418,491437,151436,107704,259140,249487,9653,52.73%,Umar Farooq,Independent,120686,Muhammad Qasim Farooq,PML-N,80377,25,09 Feb 2024,
NA-100,Faisalabad-VI,377,274365,233515,507880,166194,114433,280627,275022,5605,55.25%,Nisar Ahmed,Independent,131941,Rana Sanaullah Khan,PML-N,112639,15,09 Feb 2024,
NA-101,Faisalabad-VII,393,280093,254988,535081,156199,109636,265835,259009,6826,49.68%,Rana Atif,Independent,134840,Irfan Ahmed,PML-N,89571,33,09 Feb 2024,
NA-102,Faisalabad-VIII,377,288702,252951,541653,158436,106290,264726,259655,5071,48.87%,Changez Ahmed Khan,Independent,132526,Sher Ali,PML-N,100320,40,09 Feb 2024,
NA-103,Faisalabad-IX,386,289239,255399,544638,158485,104323,262808,259161,3647,48.25%,Muhammad Ali Sarfraz,Independent,147734,Haji Muhammad Akram Ansari,PML-N,86662,45,09 Feb 2024,
NA-104,Faisalabad-X,375,278634,249884,528518,156143,105904,262047,257744,4303,49.58%,Sahibzada Muhammad Hamid Raza,Independent,128687,Daniyal Ahmed,PML-N,92594,28,09 Feb 2024,
NA-105,Toba Tek Singh-I,395,275111,238746,513857,160696,130139,290835,284957,5878,56.60%,Usama Hamza,Independent,138194,Chaudhry Khalid Javed,PML-N,107840,17,09 Feb 2024,
NA-106,Toba Tek Singh-II,432,293050,259576,552626,167521,138101,305622,313826,7524,56.78%,Muhammad Junaid Anwar Chaudhry,PML-N,137629,Khalid Nawaz,Independent,136924,16,09 Feb 2024,valid+rej!=polled
NA-107,Toba Tek Singh-III,401,272689,237098,509787,164542,131864,296406,285324,11082,58.14%,Muhammad Riaz Khan,Independent,128870,Chaudhry Asad ur Rehman,PML-N,95575,26,09 Feb 2024,
NA-108,Jhang-I,458,311967,270537,582504,196016,149543,345559,334765,10794,59.32%,Muhammad Mahboob Sultan,Independent,169578,Makhdoom Syed Faisal Saleh Hayat,PML-N,134270,17,,illegible:form_date
NA-109,Jhang-II,449,314700,278322,593022,176506,131878,308384,299456,8928,52.00%,Waqas Akram,Independent,176586,Muhammad Yaqoob Sheikh,PML-N,61787,21,09 Feb 2024,
NA-110,Jhang-III,430,309388,269085,578473,195801,154635,350436,339331,11105,60.58%,Muhammad Amir Sultan,Independent,199590,Muhammad Asif Muawiya,PML-N,104171,15,09 Feb 2024,
NA-111,Nankana Sahib-I,331,259168,223178,482346,146014,109093,255107,248133,6974,52.89,Muhammad Arshad Sahi,Independent,113709,Muhammad Barjees Tahir,PML-N,93467,19,2024-02-09,
NA-112,Nankana Sahib-II,339,255499,208219,463718,149992,102487,252479,244447,8032,54.45,Shazra Mansab Ali Khan Kharal,PML-N,105646,Ijaz Ahmad Shah,Independent,93316,14,2024-02-09,
NA-113,Sheikhupura-I,362,296028,238953,534981,164205,102637,266842,258993,7849,49.88,Ahmad Ateeq Anwar,PML-N,119407,Rahat Aman Ullah Bhatti,Independent,90872,15,2024-02-09,
NA-114,Sheikhupura-II,301,247145,202592,449737,140416,93100,233516,228600,4916,51.92,Rana Tanveer Hussain,PML-N,100039,Arshad Mahmood Chaudhry,Independent,82026,21,2024-02-09,
NA-115,Sheikhupura-III,354,296734,249528,546262,163398,111591,274989,268534,6455,50.34,Khurram Shahzad Virk,Independent,130255,Javed Latif,PML-N,94144,27,2024-02-09,
NA-116,Sheikhupura-IV,395,323287,259278,582565,179174,121340,300514,293633,6881,51.58,Khurram Munawar Manj,Independent,135062,Sardar Muhammad Irfan Dogar,PML-N,89944,25,2024-02-10,
NA-117,Lahore-I,329,282202,238251,520453,142150,91892,234042,228400,5642,44.97,Abdul Aleem Khan,IPP,91489,Ali Ijaz,Independent,80838,20,2024-02-09,
NA-118,Lahore-II,467,394224,341027,735251,164805,98656,263461,258137,5324,35.83,Muhammad Hamza Shahbaz Sharif,PML-N,105960,Aalia Hamza Malik,Independent,100803,13,2024-02-09,
NA-119,Lahore-III,338,277172,243657,520829,123708,77286,200994,196885,4109,38.59,Maryam Nawaz Sharif,PML-N,83855,Shahzad Farooq,Independent,68376,20,2024-02-09,
NA-120,Lahore-IV,229,196844,166201,363045,100667,62472,163139,159762,3377,44.94,Sardar Ayaz Sadiq,PML-N,68143,Usman Hamza,Independent,49222,25,2024-02-09,
NA-121,Lahore-V,299,247571,219441,467012,114090,73077,187167,184078,3089,40.08,Waseem Qadir,Independent,78703,Sheikh Rohail Asghar,PML-N,70597,14,2024-02-09,
NA-122,Lahore-VI,358,295487,275050,570537,135082,96228,231310,227357,3953,40.54,Sardar Muhammad Latif Khan Khosa,Independent,117109,Khawaja Saad Rafique,PML-N,77907,21,2024-02-09,
NA-123,Lahore-VII,222,187830,150950,338780,101041,58444,159485,155642,3843,47.08,Mian Muhammad Shahbaz Sharif,PML-N,63953,Afzaal Azeem Pahat,Independent,48486,15,2024-02-09,
NA-124,Lahore-VIII,198,167663,138453,306116,79910,47920,127830,124991,2839,41.76,Rana Mubashir Iqbal,PML-N,55387,Zameer Ahmad,Independent,43594,13,2024-02-09,
NA-125,Lahore-IX,214,186261,154394,340655,103116,60800,163916,160021,3895,48.12,Muhammad Afzal,PML-N,65102,Javed Umar,Independent,51144,16,2024-02-09,
NA-126,Lahore-X,223,178327,171309,349636,88213,65629,153842,151276,2566,44,Malik Saif-ul-Malook Khokhar,PML-N,67117,Malik Tauqeer Abbas Khokhar,Independent,60479,19,2024-02-09,
NA-127,Lahore-XI,337,273014,254030,527044,129817,89806,219623,217114,2509,41.67,Ata Ullah Tarar,PML-N,98210,Malik Zaheer Abbas,Independent,82230,25,2024-02-09,
NA-128,Lahore-XII,433,347900,330106,678006,196522,184934,381456,377029,4427,56.26,Muhammad Aun Saqlain,IPP,172576,Salman Akram Raja,Independent,159024,22,2024-02-09,
NA-129,Lahore-XIII,334,276659,251755,528414,125774,87483,213257,209574,3683,40.36,Mian Muhammad Azhar,Independent,103718,Muhammad Noman,PML-N,71540,19,2024-02-09,
NA-130,Lahore-XIV,376,323100,285218,608318,193750,125293,319043,315707,3336,52.45,Muhammad Nawaz Sharif,PML-N,179310,Yasmin Rashid,Independent,104485,18,2024-02-09,
NA-131,Kasur-I,363,309099,258352,567451,182194,120663,302857,294072,8785,53.37,Saad Waseem,PML-N,108714,Muhammad Maqsood Sabir Ansari,Independent,77966,18,2024-02-09,
NA-132,Kasur-II,342,292672,233484,526156,182858,121021,303879,297783,6096,57.75,Mian Muhammad Shahbaz Sharif,PML-N,137231,Sardar Muhammad Hussain Dogar,Independent,111116,22,2024-02-09,
NA-133,Kasur-III,407,316684,262644,579328,189246,140726,329972,315971,14001,56.96,Azeem-ud-Din Zahid,Independent,130025,Rana Muhammad Ishaq Khan,PML-N,119284,18,2024-02-10,
NA-134,Kasur-IV,407,315898,257880,573778,189752,129846,319598,307908,11690,55.7,Rana Muhammad Hayat Khan,PML-N,141841,Sardar Faiz,Independent,76205,23,2024-02-09,
NA-135,Okara-I,370,281909,238624,520533,170030,129981,300011,292741,7270,57.64,Nadeem Abbas,PML-N,129218,Malik Muhammad Akram Bhatti,Independent,106700,14,2024-02-09,
NA-136,Okara-II,314,271055,237841,508896,149501,115726,265227,257937,7290,52.12,Riaz-ul-Haq,PML-N,127764,Rao Hassan Sikandar,Independent,80069,19,2024-02-09,
NA-137,Okara-III,351,285199,243850,529049,166077,123550,289627,281363,8264,54.74,Syed Raza Ali Gilani,Independent,131925,Rao Muhammad Ajmal Khan,PML-N,105381,34,2024-02-09,
NA-138,Okara-IV,360,284880,236479,521359,168445,121657,290102,282271,7831,55.64,Muhammad Moeen Wattoo,PML-N,122678,Mian Manzoor Ahmed Khan Wattoo,Independent,79692,20,2024-02-09,
NA-139,Pakpattan-I,449,326936,278433,605369,170443,145055,315498,313678,1820,52.11,Ahmad Raza Maneka,PML-N,121383,Rao Umar Hashim Khan,Independent,116493,18,2024-02-09,
NA-140,Pakpattan-II,461,321325,277442,598767,191344,142312,333656,323112,10544,55.72,Rana Iradat Sharif Khan,PML-N,139322,Raja Tariq Saeed,Independent,104762,22,2024-02-09,
NA-141,Sahiwal-I,430,313109,269323,582432,170166,120075,290241,283161,7080,49.83,Syed Imran Ahmad Shah,PML-N,118240,Rana Aamir Shehzad Tahir,Independent,107056,22,2024-02-09,
NA-142,Sahiwal-II,431,316934,263141,580075,181759,129983,311742,302321,9421,53.74,Usman Ali,Independent,107496,Chaudhry Muhammad Ashraf,PML-N,96125,9,2024-02-09,
NA-143,Sahiwal-III,442,314202,270496,584698,181231,145944,327175,321205,5970,55.96,Rai Hassan Nawaz Khan,Independent,147147,Muhammad Tufail,Independent,83480,17,2024-02-09,
NA-144,Khanewal-I,348,249924,213725,463649,156013,117447,273460,265434,8026,58.98,Muhammad Raza Hayat Harraj,Independent,118999,Syed Abid Hussain Imam,Independent,78296,14,2024-02-09,
NA-145,Khanewal-II,348,247432,213976,461408,138316,108849,247165,242011,5154,53.57,Muhammad Khan Daha,PML-N,102911,Abid Mehmood,Independent,56188,14,2024-02-09,
NA-146,Khanewal-III,396,278841,240645,519486,156075,123674,279749,272897,6852,53.85,Zaheer Hussain Qureshi,Independent,112666,Muhammad Aslam Bodla,PML-N,104739,20,2024-02-09,
NA-147,Khanewal-IV,360,267075,231015,498090,155681,128564,283688,279115,4573,56.95,Chaudhry Iftikhar Nazir,PML-N,107708,,Independent,83394,14,2024-02-09,illegible:runnerup_name
NA-148,Multan-I,275,229838,207319,437157,132318,97189,229507,216842,12665,52.5,Syed Yousuf Raza Gilani,PPPP,67326,Taimoor Altaf Malik,Independent,67033,13,2024-02-09,
NA-149,Multan-II,338,280457,258989,539446,137795,98243,236038,233206,2832,43.76,Malik Muhammad Aamir Dogar,Independent,143613,Jahangir Khan Tareen,IPP,50166,18,2024-02-09,
NA-150,Multan-III,341,311296,280514,591810,153348,102985,256333,248572,7761,43.31,Makhdoom Zain Hussain Qureshi,Independent,126770,Javed Akhtar,PML-N,76758,16,,illegible:form_date
NA-151,Multan-IV,281,251296,223223,474519,143205,111229,254434,237879,16555,53.62%,Syed Ali Musa Gilani,PPPP,79080,Mehr Bano Qureshi,Independent,71649,9,2024-02-09,
NA-152,Multan-V,310,280450,246960,527410,150282,120597,270879,264306,6573,51.36%,Syed Abdul Qadir Gilani,PPPP,96998,Syed Javed Ali Shah,PML-N,71259,16,2024-02-09,
NA-153,Multan-VI,319,287160,252690,539850,151075,129647,280722,272307,8415,52%,Rana Muhammad Qasim Noon,PML-N,95114,Dewan Ashiq Hussain Bukhari,Independent,49007,19,2024-02-09,
NA-154,Lodhran-I,388,,,558667,,,308811,301008,7803,53.87%,Rana Muhammad Faraz Noon,Independent,134937,Abdul Rehman Khan Kanju,PML-N,128438,10,2024-02-09,"illegible:reg_male,illegible:reg_female,illegible:polled_male,illegible:polled_female"
NA-155,Lodhran-II,369,297602,258955,556557,164031,131382,295413,287797,7616,53.08%,Khan Muhammad Siddique Khan Baloch,PML-N,117671,Jahangir Khan Tareen,IPP,71128,17,2024-02-09,
NA-156,Vehari-I,355,262805,223869,486674,140215,108298,248513,254998,5244,53.47%,Ayesha Nazir,Independent,119820,Chaudhry Nazir Ahmad,PML-N,90353,12,2024-02-09,valid+rej!=polled
NA-157,Vehari-II,336,255137,207377,462514,146329,108930,255259,248257,7002,55.19%,Sajid Mehdi,PML-N,99332,Sabeen Safdar,Independent,79996,15,2024-02-09,
NA-158,Vehari-III,344,265376,224841,490217,155396,116370,271766,261805,4916,54.41%,Begum Tehmina,PML-N,111196,Tahir Iqbal,Independent,103052,15,2024-02-09,valid+rej!=polled
NA-159,Vehari-IV,355,264756,225050,489806,152155,116677,268832,263799,5033,54.89%,Aurangzeb Khan Khichi,Independent,116198,Saeed Ahmad Khan Manais,PML-N,96191,15,2024-02-09,
NA-160,Bahawalnagar-I,316,242773,198575,441348,159439,109094,268533,261529,7004,60.84%,Muhammad Abdul Ghaffar Wattoo,PML-N,118116,Syed Muhammad Asghar,Independent,110294,11,2024-02-09,
NA-161,Bahawalnagar-II,327,251998,207970,459968,147442,101369,248811,242383,6428,54.09%,Alam Dad Laleka,PML-N,100649,Shahid Amin,Independent,81655,20,2024-02-09,
NA-162,Bahawalnagar-III,347,263703,223614,487317,152516,119945,272461,267285,5176,55.91%,Ehsan-ul-Haq Bajwa,PML-N,114284,Khalil Ahmad,Independent,97871,17,2024-02-09,
NA-163,Bahawalnagar-IV,349,267529,221171,488700,157540,122261,279801,274482,5319,57.25%,Muhammad Ijaz-ul-Haq,PML-Z,84312,Shaukat Mehmood,Independent,75115,19,2024-02-09,
NA-164,Bahawalpur-I,334,265335,224339,489674,157306,125622,282928,276292,6636,57.78%,Mian Riaz Hussain Pirzada,PML-N,123360,Malik Ijaz Ahmad Gaddan,Independent,117140,13,2024-02-09,
NA-165,Bahawalpur-II,380,262756,220826,483582,169644,138173,307817,298985,8832,63.65%,Chaudhry Tariq Bashir Cheema,PML,116554,Saud Majeed,Independent,105313,15,2024-02-09,
NA-166,Bahawalpur-III,294,233478,203970,437448,119083,101121,220204,212770,7434,50.34%,Makhdoom Syed Sami-ul-Hassan Gilani,PML-N,62148,Prince Bahawal Abbas Abbasi,Independent,48599,12,2024-02-09,
NA-167,Bahawalpur-IV,301,249022,214856,463878,133526,107214,240740,232550,8190,51.9%,Muhammad Usman Owaisi,PML-N,88503,Amir Yar Malik,Independent,63670,11,2024-02-09,
NA-168,Bahawalpur-V,292,233733,214230,447963,121194,92783,213977,210789,3188,47.77%,Malik Muhammad Iqbal,PML-N,124529,Sabih-ul-Hassan Chaudhry,Independent,52270,24,2024-02-09,
NA-169,Rahim Yar Khan-I,321,286267,241679,527946,147868,116600,264468,254625,9843,50.09%,Syed Murtaza Mehmood,PPPP,80421,Syed Hussain Ahmad,PML-N,73312,15,2024-02-09,
NA-170,Rahim Yar Khan-II,315,276785,232859,509644,143623,107182,250805,245044,5761,49.21%,Mian Ghous Muhammad,Independent,113684,Sheikh Fayyaz-ud-Din,PML-N,78615,15,2024-02-09,
NA-171,Rahim Yar Khan-III,301,282899,233222,516121,141877,101902,243779,236194,7585,47.23,Mumtaz Mustafa,Independent,103832,Makhdoom Hashim Jawan Bakht,Independent,56028,11,2024-02-09,
NA-172,Rahim Yar Khan-IV,312,271195,239554,510749,143267,114746,258013,253822,4191,50.52,Javed Iqbal,Independent,129307,,PML-N,84527,12,2024-02-09,illegible:runnerup_name
NA-173,Rahim Yar Khan-V,288,263701,221288,484989,140903,103839,244742,236797,7945,50.46,Syed Mustafa Mahmud,PPPP,83120,Muhammad Nabeel Dahar,Independent,80304,17,2024-02-09,
NA-174,Rahim Yar Khan-VI,323,272823,230567,503390,147761,114345,262106,255122,6984,52.07,Muhammad Azhar Khan Laghari,PML-N,78680,Syed Usman Mahmood,PPPP,71559,14,2024-02-09,
NA-175,Muzaffargarh-I,345,242539,218515,461054,153797,123125,276922,266686,10236,60.06,Jamshed Ahmad,Independent,113253,Mehr Irshad Ahmad Khan,PPPP,71997,27,2024-02-09,
NA-176,Muzaffargarh-II,315,237961,208138,446099,129083,108462,237545,227979,9566,53.25,Nawabzada Iftikhar Ahmed Khan Babar,PPPP,53801,Makhdoomzada Syed Basit Ahmed Sultan,PML-N,43646,21,2024-02-09,
NA-177,Muzaffargarh-III,285,233026,200509,433535,127799,104553,232352,223598,8754,53.59,Muhammad Moazzam Ali Khan,Independent,113892,Syeda Sher Bano Bukhari,PML-N,67964,23,2024-02-09,
NA-178,Muzaffargarh-IV,281,233685,194927,428612,125577,103378,228955,224337,31,52.35,Amir Talal Khan,PML-N,113816,Abdul Qayyum Khan Jatoi,Independent,87932,10,2024-02-09,valid+rej!=polled
NA-179,Kot Addu-I,267,207035,179291,386326,100969,74327,175296,170056,5240,45.38,Muhammad Shabbir Ali Qureshi,Independent,83740,Malik Ghulam Qasim Hinjra,PML-N,66440,23,2024-02-09,
NA-180,Kot Addu-II,274,209558,186442,396000,121656,83860,205516,198688,6828,51.9,Fayyaz Hussain,Independent,96220,Raza Rabbani Khar,PPPP,49461,27,2024-02-09,
NA-181,Layyah-I,370,308065,266193,574258,198063,141921,339984,328384,11600,59.2,Ambar Majeed,Independent,120499,Sahibzada Faiz-ul-Hassan,PML-N,95081,14,2024-02-09,
NA-182,Layyah-II,338,288580,259147,547727,188767,141047,329814,320637,9177,60.22,Owais Haider Jhakkar,Independent,141869,Syed Muhammad Saqlain Bukhari,PML-N,118654,12,2024-02-09,
NA-183,Taunsa,330,253142,223353,476495,156560,111571,268131,257282,10849,56.27,Khawaja Sheraz Mehmood,Independent,134048,Muhammad Amjad Farooq Khan Khosa,PML-N,87203,18,2024-02-09,
NA-184,Dera Ghazi Khan-I,279,245373,203366,448739,144964,107628,252592,246693,5899,56.29,Abdul Qadir Khan,PML-N,110999,Ali Muhammad,Independent,109796,12,2024-02-09,
NA-185,Dera Ghazi Khan-II,226,213882,186473,400355,105015,78526,183541,176476,7065,45.84,Zartaj Gul,Independent,94881,Mahmood Qadir Khan,Independent,32929,20,2024-02-09,
NA-186,Dera Ghazi Khan-III,232,210263,176741,387004,149524,62519,212043,212043,4396,54.79,Sardar Awais Ahmed Khan Laghari,PML-N,99870,Sajjad Hussain,Independent,97949,17,2024-02-09,valid+rej!=polled
NA-187,Rajanpur-I,237,213839,181398,395237,109291,85124,194415,186775,7640,49.19,Ammar Ahmed Khan Laghari,PML-N,78539,Muhammad Atif Ali Dreshak,Independent,67284,18,2024-02-09,
NA-188,Rajanpur-II,219,203760,171001,374761,111327,77917,189244,181694,7550,50.5,Hafeez-ur-Rehman Khan Dreshak,PML-N,85936,Sardar Ahmed Ali Khan Dreshak,Independent,70206,10,2024-02-09,
NA-189,Rajanpur-III,211,201633,174673,376306,116057,78600,194657,184421,10236,51.73,Shamsher Ali Mazari,Independent,83074,Sardar Riaz Mehmood Khan Mazari,PML-N,72584,12,2024-02-09,
NA-190,Jacobabad,434,266015,231563,497578,121427,90655,212082,198825,13257,42.62,Ijaz Hussain Jakhrani,PPPP,126169,Muhammad Mian Soomro,Independent,60011,14,2024-02-09,
NA-191,Jacobabad-cum-Kashmore,358,270270,229688,499958,136204,94318,230522,214547,15975,46.11%,Ali Jan Mazari,PPPP,103962,Shahzain Khan,JUI,100652,14,09 Feb 2024,
NA-192,Kashmore-cum-Shikarpur,273,214138,187968,402106,123453,98563,222016,212534,9482,55.21%,Mir Shabbir Ali Bijarani,PPPP,125197,Muhammad Ibrahim Jatoi,JUI,76864,11,09 Feb 2024,
NA-193,Shikarpur,340,269164,237177,506341,125248,100229,225477,216770,8707,44.53%,Muhammad Shahryar Khan Mahar,PPPP,131082,Rashid Mahmood Soomro,JUI,56153,14,9 Feb 2024,
NA-194,Larkana-I,377,232235,205973,438208,103362,84119,187481,180613,6868,42.78%,Bilawal Bhutto Zardari,PPPP,135112,Rashid Mahmood Soomro,JUI,35311,8,09 Feb 2024,
NA-195,Larkana-II,358,230745,196876,427621,109296,87062,196358,189235,7123,45.92%,Nazeer Ahmed Bughio,PPPP,133830,Moazzam Ali Abbasi,GDA,48893,9,9 Feb 2024,
NA-196,Qambar Shahdadkot-I,303,227345,190395,417740,81704,64031,145735,135379,10356,34.89%,Bilawal Bhutto Zardari,PPPP,85370,Nasir Mahmood Soomro,JUI,34499,13,09 Feb 2024,
NA-197,Qambar Shahdadkot-II,295,220984,181734,402718,76770,55574,132344,124872,7472,32.86%,Mir Aamir Ali Khan Magsi,PPPP,88130,Muhammad Uzair Jagirani,JUI,24199,11,09 Feb 2024,
NA-198,Ghotki-I,363,246755,208531,455286,142169,108988,251157,235322,15835,55.16%,Khalid Ahmed Khan Lund,PPPP,120259,Abdul Haq urf Mian Mithu,Independent,90629,13,09 Feb 2024,
NA-199,Ghotki-II,365,245624,209752,455376,121147,92511,213658,205747,7911,46.92%,Ali Gohar Khan Mahar,PPPP,154832,Abdul Qayyum,JUI,40204,9,09 Feb 2024,
NA-200,Sukkur-I,343,244331,212726,457057,109609,70065,179674,173148,6526,39.31%,Nauman Islam Shaikh,PPPP,97088,Didar Ali,GDA,41911,25,09 Feb 2024,
NA-201,Sukkur-II,300,201736,174768,376504,108680,81220,189900,181965,7935,50.44%,Syed Khursheed Ahmed Shah,PPPP,120219,Muhammad Saleh Indhar,JUI,53302,12,9 Feb 2024,
NA-202,Khairpur-I,305,234037,213226,447263,112718,90267,202985,196903,6082,45.38%,Nafisa Shah,PPPP,146083,Syed Ghous Ali Shah,GDA,28613,14,9 Feb 2024,
NA-203,Khairpur-II,277,226982,199048,426030,131106,111952,243058,234727,8331,57.05%,Pir Syed Fazal Ali Shah Jillani,PPPP,128830,Pir Sadruddin Shah,GDA,98236,14,9 Feb 2024,
NA-204,Khairpur-III,326,259562,235914,495476,121218,94396,215614,207411,8203,43.52%,Syed Javed Ali Shah Jillani,PPPP,112249,Mehrin Razaq Bhutto,GDA,87501,13,09 Feb 2024,
NA-205,Naushahro Feroze-I,359,256817,220502,477319,125041,96782,221823,215057,6766,46.47%,Syed Abrar Ali Shah,PPPP,122675,Asghar Ali Shah,PML-N,54404,18,09 Feb 2024,
NA-206,Naushahro Feroze-II,351,251484,214362,465846,128628,102307,230935,222297,8638,49.57%,Zulfiqar Ali Behan,PPPP,135147,Ghulam Murtaza Khan Jatoi,GDA,77108,15,10 Feb 2024,
NA-207,Shaheed Benazirabad-I,346,268522,227515,496037,126582,94251,220833,214726,6107,44.52%,Asif Ali Zardari,PPPP,146989,Sardar Sher Muhammad Rind Baloch,Independent,51916,13,9 Feb 2024,
NA-208,Shaheed Benazirabad-II,334,231066,198876,429942,122119,95753,217872,206064,11808,50.67%,Syed Ghulam Mustafa Shah,PPPP,125565,Syed Zain ul Abidin,GDA,58785,19,09 Feb 2024,
NA-209,Sanghar-I,442,326355,281283,607638,175981,140371,316352,304473,11879,52.06%,Shazia Jannat Marri,PPPP,156002,Muhammad Khan Junejo,GDA,139604,16,09 Feb 2024,
NA-210,Sanghar-II,459,320767,280098,600865,160671,122225,282896,275070,7826,47.08%,Salahuddin Junejo,PPPP,150195,Saira Bano,GDA,108194,12,09 Feb 2024,
NA-211,Mirpurkhas-I,326,232346,200713,433059,110481,79462,189943,181810,8133,43.86,Pir Aftab Hussain Shah Jilani,PPPP,84512,Ali Nawaz Shah,Independent,53880,16,2024-02-09,
NA-212,Mirpurkhas-II,330,229256,203085,432341,113770,90617,204387,196512,7875,47.27,Mir Munawar Ali Talpur,PPPP,121972,Ali Nawaz Shah,Independent,45321,10,2024-02-09,
NA-213,Umerkot,494,310971,278379,589350,159775,138187,297962,280391,17571,50.56,Nawab Muhammad Yousuf Talpur,PPPP,175162,Mir Amanullah Khan Talpur,PML-N,44847,19,2024-02-09,
NA-214,Tharparkar-I,382,167379,141103,308482,116152,102686,218838,211497,7341,70.94,Pir Ameer Ali Shah Jilani,PPPP,129992,Abdul Razzaque,GDA,60245,11,2024-02-09,
NA-215,Tharparkar-II,401,225016,190093,415109,149595,128763,278358,266664,11694,67.06,Mahesh Kumar Malani,PPPP,132061,Arbab Ghulam Rahim,GDA,113346,20,2024-02-09,
NA-216,Matiari,320,221177,196452,417629,125673,99138,224811,216314,8497,53.83,Makhdoom Jamil uz Zaman,PPPP,124536,Bashir Ahmed,PML-N,80439,12,2024-02-09,
NA-217,Tando Allahyar,331,239908,211724,451632,121295,94453,215748,208523,7225,47.77,Zulfiqar Bachani,PPPP,119530,Rahila Magsi,GDA,73778,15,2024-02-09,
NA-218,Hyderabad-I,240,178290,160665,338955,78968,59476,138444,133402,5042,40.84,Syed Hussain Tariq,PPPP,108597,Muhammad Rizwan,GDA,7942,11,2024-02-09,
NA-219,Hyderabad-II,296,229980,194469,424449,92814,55344,148158,145151,3007,34.91,Abdul Aleem Khan,MQM-P,55050,Mustansir Billah,Independent,38315,38,2024-02-09,
NA-220,Hyderabad-III,347,254055,206977,461032,112702,65258,177960,175324,2636,38.6,Syed Waseem Hussain,MQM-P,64531,Faisal Mughal,Independent,52025,32,2024-02-09,
NA-221,Tando Muhammad Khan,298,191194,165250,356444,102350,69559,171909,162760,9149,48.23,Syed Naveed Qamar,PPPP,110892,Muhammad Irfan,Independent,23810,17,2024-02-09,
NA-222,Badin-I,338,252138,219457,471595,125152,86410,211562,199753,11809,44.86,Mir Ghulam Ali Talpur,PPPP,113916,Mir Hussain Bakhsh Talpur,GDA,67010,15,2024-02-09,
NA-223,Badin-II,355,253871,216710,470581,141838,92297,234135,221482,12653,49.75,Haji Rasool Bakhsh Chandio,PPPP,115681,Muhammad Hassam Mirza,GDA,79152,16,2024-02-09,
NA-224,Sujawal,359,233078,191250,424328,120881,77362,198243,185999,12244,46.72,Syed Ayaz Ali Shah Sherazi,PPPP,134006,Maulvi Muhammad Saleh,JUI,15314,9,2024-02-09,
NA-225,Thatta,425,286354,236032,522386,122321,72670,194991,186701,8290,37.33,Sadiq Ali Memon,PPPP,140773,Rasool Bakhsh Jakhro,PML-N,28899,11,2024-02-09,
NA-226,Jamshoro,452,258834,218228,477062,133622,97395,231017,222339,8678,48.42,Malik Asad Sikandar,PPPP,165044,Syed Munir Haider Shah,GDA,30876,11,2024-02-09,
NA-227,Dadu-I,333,258308,221103,479411,119193,94909,214102,205020,9082,44.66,Irfan Ali Leghari,PPPP,104013,Liaquat Ali Jatoi,GDA,93956,12,2024-02-09,
NA-228,Dadu-II,337,242355,208707,451062,100769,76834,177603,169084,8519,39.37,Rafique Ahmed Jamali,PPPP,98451,Karim Ali Jatoi,GDA,49103,15,2024-02-09,
NA-229,Malir-I,184,130166,102273,232439,62716,43321,106037,103712,2325,45.62,Jam Abdul Karim Bijar,PPPP,55732,Qadir Bakhsh,PML-N,21841,15,2024-02-09,
NA-230,Malir-II,163,145303,104706,250009,65920,36288,102208,99546,2662,40.88,Syed Rafiullah,PPPP,32099,Sarwar Ali,Independent,23370,25,2024-02-09,
NA-231,Malir-III,215,191753,150674,342427,82274,50294,132568,130081,2487,38.71,Abdul Hakeem Baloch,PPPP,43634,Khalid Mahmood Ali,Independent,43245,25,09-02-2024,
NA-232,Korangi Karachi-I,270,315376,278755,594131,149290,106546,255836,252047,3789,43.06,Asia Ishaque Siddiqui,MQM-P,84592,Adeel Ahmed,Independent,66753,36,09-02-2024,
NA-233,Korangi Karachi-II,287,293704,238563,532267,154357,94869,249226,246391,2835,46.82,Muhammad Javed Hanif Khan,MQM-P,103967,Muhammad Haris,Independent,58753,27,09-02-2024,
NA-234,Korangi Karachi-III,195,219054,166574,385628,109622,65429,175051,173082,1969,45.39,Muhammad Moin Aamir Pirzada,MQM-P,73687,Fahim Khan,Independent,43774,20,09-02-2024,
NA-235,Karachi East-I,96,97741,72440,170181,41180,27751,68931,67258,1673,40.5,Muhammad Iqbal Khan,MQM-P,20185,Saifur Rehman s/o Taj Alam Khan,Independent,14167,26,09-02-2024,
NA-236,Karachi East-II,294,280363,262046,542409,94059,41156,135215,135164,51,24.93,Hassan Sabir,MQM-P,38871,Muhammad Muzammil Qureshi,PPPP,32231,34,09-02-2024,
NA-237,Karachi East-III,228,226178,187764,413942,90970,56641,147611,144709,2902,35.66,Asad Alam Niazi,PPPP,40836,Zahoor Uddin,Independent,33321,36,09-02-2024,
NA-238,Karachi East-IV,292,293269,268014,561283,100169,70965,171134,167993,3141,30.49,Sadiq Iftikhar,MQM-P,54884,Haleem Adil Sheikh,Independent,36875,25,09-02-2024,
NA-239,Karachi South-I,181,233087,188994,422081,83389,48396,131785,129221,2564,31.22,Sardar Nabil Ahmed Gabol,PPPP,40077,Muhammad Yasir,Independent,37234,19,09-02-2024,
NA-240,Karachi South-II,,210741,175230,385971,75540,41114,116654,114982,1672,30,Arshad Abdullah Vohra,MQM-P,30573,Ramzan,Independent,27318,19,08-02-2024,illegible:ps_total
NA-241,Karachi South-III,234,243868,218644,462512,63930,44426,108356,,0,23,Mirza Ikhtiar Baig,PPPP,52456,Khurram Sher Zaman,Independent,48610,37,09-02-2024,illegible:valid_votes
NA-242,Keamari-I,286,256173,181617,437790,124786,66553,191339,188901,2438,43.71,Syed Mustafa Kamal,MQM-P,71767,Dawa Khan,Independent,53759,29,09-02-2024,
NA-243,Keamari-II,310,261913,191511,453424,109952,60052,170004,167013,2991,37.49,Abdul Qadir Patel,PPPP,60266,Shujaat Ali,Independent,48690,19,09-02-2024,
NA-244,Karachi West-I,129,89428,66254,155682,37668,22963,60631,59391,1240,38.95,Muhammad Farooq Sattar,MQM-P,20048,Aftab Jahangir,Independent,14073,24,09-02-2024,
NA-245,Karachi West-II,256,220253,155032,375285,106106,56114,162220,159103,3117,43.23,Syed Hafeezuddin,MQM-P,57356,Attaullah,Independent,36788,23,10-02-2024,
NA-246,Karachi West-III,291,241259,182602,423861,115442,72416,187858,185083,2775,44.32,Syed Aminul Haque,MQM-P,74672,Naeem ur Rehman Khan,JIP,32332,24,10-02-2024,
NA-247,Karachi Central-I,267,240786,196148,436934,116325,73790,190115,186953,3162,43.51,Khawaja Izharul Hassan,MQM-P,65050,Syed Abbas Hussain,Independent,52058,27,10-02-2024,
NA-248,Karachi Central-II,361,318949,280862,599811,152387,113690,266077,265193,884,44.36,Khalid Maqbool Siddiqui,MQM-P,103082,Arslan Khalid,Independent,86342,34,09-02-2024,
NA-249,Karachi Central-III,320,302341,252300,554641,119421,83748,203169,200433,2736,36.63,Ahmed Saleem Siddiqui,MQM-P,77529,Uzair Ali Khan,Independent,51152,27,09-02-2024,
NA-250,Karachi Central-IV,307,291116,262424,553540,110997,80045,191042,188364,2678,34.51,Farhan Chishti,MQM-P,79925,Naeem ur Rehman Khan,JIP,43659,25,09-02-2024,
NA-251,Sherani-cum-Zhob-cum-Killa Saifullah,363,181416,142172,323588,97807,47560,145367,138094,7273,44.92%,Khushal Khan Kakar,PkNAP,45712,Syed Samiullah,JUI,44763,17,,illegible:form_date
NA-252,Musakhel-cum-Barkhan-cum-Loralai-cum-Duki,358,189618,150198,339816,117204,75053,192257,190871,1386,56.58%,Sardar Muhammad Yaqoob Khan Nasar,PML-N,53783,Sardar Babar Khan Musakhel,Independent,52992,35,10 Feb 2024,
NA-253,Ziarat-cum-Harnai-cum-Sibi-cum-Kohlu-cum-Dera Bugti,406,253478,199874,453352,144953,86962,231915,224275,7640,51.16%,Mian Khan,Independent,46683,Mir Dostain Khan Domki,PML-N,44643,30,10 Feb 2024,
NA-254,Jhal Magsi-cum-Kachhi-cum-Nasirabad,368,179411,145328,324739,92484,60136,152620,144875,7745,47%,Khalid Hussain Magsi,BAP,79304,Nizamuddin Lehri,JUI,44763,27,10 Feb 2024,
NA-255,Sohbatpur-cum-Jaffarabad-cum-Usta Muhammad-cum-Nasirabad,443,279687,252017,531704,111659,84877,196536,180598,15938,36.96%,Mir Khan Muhammad Jamali,PML-N,45540,Mir Changez Khan Jamali,PPPP,39597,46,9 Feb 2024,multipage
NA-256,Khuzdar,298,164555,135527,300082,82237,62614,144851,136373,8478,48.27%,Muhammad Akhtar Mengal,BNP,65818,Abdul Rehman,PPPP,29071,15,10 Feb 2024,
NA-257,Hub-cum-Lasbela-cum-Awaran,325,203965,164253,368218,105075,83088,188163,177704,10459,51.1%,Jam Kamal Khan,PML-N,77745,Muhammad Aslam Bhootani,Independent,59172,18,10 Feb 2024,
NA-258,Panjgur-cum-Kech,195,124068,100990,225058,34737,26018,60755,59463,1292,27%,Pullain,NP,22261,Noor Ahmed Adil,BNP-Awami,13762,18,,illegible:form_date
NA-259,Kech-cum-Gwadar,272,164961,139079,304040,63391,52732,116123,113560,2563,38.19%,Malik Shah,PPPP,40778,Abdul Malik,NP,22298,19,10 Feb 2024,
NA-260,Chagai-cum-Nushki-cum-Kharan-cum-Washuk,361,202289,163306,365595,98744,78595,177339,170015,7324,48.51%,Muhammad Usman Badini,JUI,42670,Sardar Fateh Muhammad Muhammad Hasni,PML-N,35625,25,10 Feb 2024,
NA-261,Surab-cum-Kalat-cum-Mastung,255,170118,137025,307143,67339,45620,112959,106840,6119,36.78%,Muhammad Akhtar Mengal,BNP,27331,Maulana Abdul Ghafoor Haideri,JUI,25688,27,09 Feb 2024,
NA-262,Quetta-I,233,142328,96864,239192,54129,23174,77303,75926,1377,32.32%,Adil Khan Bazai,Independent,20273,Malik Sikandar Khan,JUI,12873,37,09 Feb 2024,
NA-263,Quetta-II,382,234773,183507,418280,80630,37943,118573,115726,2847,28.34%,Haji Jamal Shah Kakar,PML-N,27168,Salar Khan Kakar,Independent,25366,42,9 Feb 2024,multipage
NA-264,Quetta-III,195,111486,85276,196762,37152,19279,56431,55727,704,28.68%,Nawabzada Mir Jamal Khan Raisani,PPPP,10678,Muhammad Akhtar Mengal,BNP,9929,35,09 Feb 2024,
NA-265,Pishin,312,182678,132723,315401,78762,50248,129010,124369,4641,40.9%,Fazlur Rehman,JUI,52429,Khushal Khan Kakar,PkNAP,31436,23,09 Feb 2024,
NA-266,Killa Abdullah-cum-Chaman,260,230306,127528,357834,,,,201394,926,57%,Mahmood Khan Achakzai,PkMAP,67028,Salahuddin,JUI,58439,18,10/02/2024,"illegible:polled_male,illegible:polled_female,illegible:polled_total"
