year,assembly,seat_type,name,party,person_id,method,canonical
2002,12,reserved_women,Mrs. Mehnaz Raffi,PML-Q,,none,
2002,12,reserved_women,Dr. Hijra Tariq Aziz,PML-Q,,none,
2002,12,reserved_women,Tanzeela Aamir Cheema,PML-Q,,none,
2002,12,reserved_women,Dr. Donya Aziz,PML-Q,,none,
2002,12,reserved_women,Kashmala Tariq,PML-Q,,none,
2002,12,reserved_women,Dr. Saira Tariq,PML-Q,,none,
2002,12,reserved_women,Mr. Riffat Amjad,PML-Q,,none,
2002,12,reserved_women,Dr. Attiya Inayatullah,PML-Q,,none,
2002,12,reserved_women,Mr. Bushra Rahman,PML-Q,,none,
2002,12,reserved_women,Farzeen Ahmed Sarfaraz,PML-Q,,none,
2002,12,reserved_women,Shahzadi Umer Zadi Tiwana,PML-Q,,none,
2002,12,reserved_women,Rahila Yahya Munawar,PML-Q,,none,
2002,12,reserved_women,Prof. Aasiya Azeem,PML-Q,,none,
2002,12,reserved_women,Dr. Firdous Ashiq Awan,PML-Q,P06118,exact,Dr Firdous Ashiq Awan
2002,12,reserved_women,Begum Tehmina Dasti,PML-Q,P10774,exact,Tehmina Dasti
2002,12,reserved_women,Onaza Ehsan,PML-Q,,none,
2002,12,reserved_women,Bushra Anwar Sipra,PML-Q,,none,
2002,12,reserved_women,Dr. Rozina Tufail,PML-Q,,none,
2002,12,reserved_women,Mrs. Tahira Asif,PML-Q,P04500,exact,Begum Tahira Asif
2002,12,reserved_women,Naheed Khan,PPP,P02370,exact,Naheed Khan
2002,12,reserved_women,Mrs. Belum Hasnain,PPP,,none,
2002,12,reserved_women,Mrs. Shakeela Khanam Rashid,PPP,,none,
2002,12,reserved_women,Fauzia Habib,PPP,,none,
2002,12,reserved_women,Ms. Mehreen Anwar Raja,PPP,P09935,exact,MEHREEN ANWAR RAJA
2002,12,reserved_women,Mr. Yasmeen Rehman,PPP,,none,
2002,12,reserved_women,Begum Shahnaz Sheikh,PML-Q,,none,
2002,12,reserved_women,Rukhsana Bangash,PPP,,none,
2002,12,reserved_women,Mrs. Nasim Akhtar Chaudhry,PPP,,none,
2002,12,reserved_women,Mrs. Samia Raheel Qazi,MMA,,none,
2002,12,reserved_women,Maimona Hashmi,PML-N,,none,
2002,12,reserved_women,Begum I shrat Ashraf,PML-N,,none,
2002,12,reserved_women,Ms. Tehmina Daultana,PML-N,P00173,exact,Tehmina Daultana
2002,12,reserved_women,Begum Rehana Aleem Mashhadi,PML-J,,none,
2002,12,reserved_women,Mrs. Meena Ehsan Laghari,National Alliance,,none,
2002,12,reserved_women,Ayla Malik,National Alliance,,none,
2002,12,reserved_women,Faiza Junejo,PML-Q,,none,
2002,12,reserved_women,Sherry Rehman,PPP,,none,
2002,12,reserved_women,Mrs. Ruqia Khanum Soomro,PPP,,none,
2002,12,reserved_women,Fauzia Wahab,PPP,,none,
2002,12,reserved_women,Rubina Saddat Qaimkhani,PPP,,none,
2002,12,reserved_women,Raja,PPP,,none,
2002,12,reserved_women,Miss Shagufta Jumani,PPP,,none,
2002,12,reserved_women,Dr. Farida Ahmed,MMA,,none,
2002,12,reserved_women,Mrs. Aisha Munawar,MMA,,none,
2002,12,reserved_women,Shamim Akhtar,MQM,P09996,exact,SHAMIM AKHTAR
2002,12,reserved_women,Afsar Begum,MQM,,none,
2002,12,reserved_women,Shabina Talat,MQM,,none,
2002,12,reserved_women,Gul-e-Farkhanda,National Alliance,,none,
2002,12,reserved_women,Madam Khurshid Afghan,PML-F,P10971,exact,Miss Khurshid Afghan
2002,12,reserved_women,Mrs. Zeb Gohar Ayub,PML-Q,,none,
2002,12,reserved_women,Sayyeda Farhana Khalid Banoori,MMA,,none,
2002,12,reserved_women,Razia Aziz,MMA,,none,
2002,12,reserved_women,Nayyer Sultana,MMA,,none,
2002,12,reserved_women,Mrs. Jamila Ahmed,MMA,,none,
2002,12,reserved_women,Mrs. Ambareen Naeem,MMA,,none,
2002,12,reserved_women,Inayat Begum,MMA,,none,
2002,12,reserved_women,Mrs. Shahida Akhtar Ali,MMA,,none,
2002,12,reserved_women,Dr. Noor Jahan Panezai,PML-Q,,none,
2002,12,reserved_women,Imrana Khawar,MMA,,none,
2002,12,reserved_women,Bilqees Saif,MMA,,none,
2002,12,reserved_nonmuslim,Mr. Akram Masih Gill,PML-Q,,none,
2002,12,reserved_nonmuslim,Ch. Haroon Qaiser,PML-Q,,none,
2002,12,reserved_nonmuslim,Engr. Gayan Chand Singh,PML-Q,,none,
2002,12,reserved_nonmuslim,Mr. M.P. Bhandara,PML-Q,,none,
2002,12,reserved_nonmuslim,Prof. Mushtaq Victor,PPP,,none,
2002,12,reserved_nonmuslim,Mr. Ramesh Lal,PPP,,none,
2002,12,reserved_nonmuslim,Mr. Pervaiz Masih,MMA,P06401,exact,Pervaiz Masih
2002,12,reserved_nonmuslim,Mrs. Asiya Nasir,MMA,,none,
2002,12,reserved_nonmuslim,Mr. Krishan Bheel Adv.,PML-N,,none,
2002,12,reserved_nonmuslim,Mr. Dev Das,MQM,,none,
2008,13,reserved_women,Asiya Nasir,MMA,,none,
2008,13,reserved_women,Zil-e-Huma,PPP,,none,
2008,13,reserved_women,Zubaida Jalal,PML-Q,P03871,exact,Zubaida Jalal
2008,13,reserved_women,Asma Arbab Alamgir,PPP,,none,
2008,13,reserved_women,Bushra Gohar,ANP,,none,
2008,13,reserved_women,Farhat Khan,PPP,,none,
2008,13,reserved_women,Farzana Mushtaq Ghani,PML-Q,,none,
2008,13,reserved_women,Imtiaz Sultan Bukhari,PML-N,,none,
2008,13,reserved_women,Jamila Gallani,ANP,,none,
2008,13,reserved_women,Khurshid Begum Saeed,ANP,,none,
2008,13,reserved_women,Mehrunnisa Afridi Advocate,PPP,,none,
2008,13,reserved_nonmuslim,Akram Masih Gill,PML-Q,,none,
2008,13,reserved_nonmuslim,Araish Kumar,PML-N,,none,
2008,13,reserved_nonmuslim,Bhawan Das,PML-N,,none,
2008,13,reserved_nonmuslim,Darshan,PML-N,,none,
2008,13,reserved_nonmuslim,Khatu Mal Jeewan,PPP,,none,
2008,13,reserved_nonmuslim,Kishan Chand Parwani,PML-Q,P03489,exact,Kishan Chand Parwani
2008,13,reserved_nonmuslim,Lal Chand,PPP,P14067,exact,Lal Chand
2008,13,reserved_nonmuslim,Mahesh Kumar,PPP,,none,
2008,13,reserved_nonmuslim,Manwer Lal,MQM,,none,
2008,13,reserved_nonmuslim,Nelson Azeem,PML-N,,none,
2008,13,reserved_nonmuslim,Ramesh Lal,PPP,,none,
2008,13,reserved_women,Anusha Rahman Khan Advocate,PML-N,,none,
2008,13,reserved_women,Attiya Inayatullah,PML-Q,,none,
2008,13,reserved_women,Begum Nasim Akhtar Chaudhry,PPP,,none,
2008,13,reserved_women,Belum Hasnain,PPP,,none,
2008,13,reserved_women,Bushra Rehman,PML-Q,,none,
2008,13,reserved_women,Donya Aziz,PML-Q,,none,
2008,13,reserved_women,Fakhar-un-Nisa Khokhar,PPP,,none,
2008,13,reserved_women,Farzana Raja,PPP,,none,
2008,13,reserved_women,Fouzia Habib,PPP,,none,
2008,13,reserved_women,Ishrat Ashraf,PML-N,,none,
2008,13,reserved_women,Kashmala Tariq,PML-Q,,none,
2008,13,reserved_women,Khalida Mansoor,PML-N,,none,
2008,13,reserved_women,Mamoona Hashmi,PML-N,,none,
2008,13,reserved_women,Marvi Memon,PML-Q,P07890,exact,Marvi Memon
2008,13,reserved_women,Mehreen Anwar Raja Advocate,PPP,,none,
2008,13,reserved_women,Nighat Parveen Mir,PML-N,,none,
2008,13,reserved_women,Nisar Tanveer,PML-N,,none,
2008,13,reserved_women,Nosheen Saeed,PML-Q,,none,
2008,13,reserved_women,Nuzhat Sadiq,PML-N,,none,
2008,13,reserved_women,Palwasha Khan,PPP,,none,
2008,13,reserved_women,Parveen Masood Bhatti,PML-N,,none,
2008,13,reserved_women,Qudsia Arshad,PML-N,,none,
2008,13,reserved_women,Rukhsana Bangash,PPP,,none,
2008,13,reserved_women,Rukhsana Jamshed Buttar,PML-Q,,none,
2008,13,reserved_women,Sabeen Rizvi,PML-N,,none,
2008,13,reserved_women,Samina Mushtaq Pagganwala,PPP,,none,
2008,13,reserved_women,Seema Mohiuddin Jameeli,PML-N,,none,
2008,13,reserved_women,Shaheen Ashfaq,PML-N,,none,
2008,13,reserved_women,Shaheen Shafiq,PML-N,,none,
2008,13,reserved_women,Shahnaz Saleem,PML-N,,none,
2008,13,reserved_women,Shahnaz Sheikh (Suspended by Supreme Court),PML-Q,,none,
2008,13,reserved_women,Shahnaz Wazir Ali,PPP,,none,
2008,13,reserved_women,Shakeela Khanam Rashid,PPP,,none,
2008,13,reserved_women,Shireen Arshad Khan,PML-N,,none,
2008,13,reserved_women,Surriya Ashgar,PML-N,,none,
2008,13,reserved_women,Tahira Aurangzeb,PML-N,,none,
2008,13,reserved_women,Tanzila Aamir Cheema,PML-Q,,none,
2008,13,reserved_women,Tasneem Siddiqui,PML-N,,none,
2008,13,reserved_women,Yasmeen Rehman,PPP,,none,
2008,13,reserved_women,Farah Naz Ispahani (Membership Suspended by the S.C),PPP,,none,
2008,13,reserved_women,Fauzia Wahab,PPP,,none,
2008,13,reserved_women,Fiza Junejo,PML-Q,,none,
2008,13,reserved_women,Fouzia Ejaz Khan,MQM,,none,
2008,13,reserved_women,Imrana Saeed Jamil,MQM,,none,
2008,13,reserved_women,Kishwer Zehra,MQM,,none,
2008,13,reserved_women,Mahreen Razaque Bhutto,PPP,P10995,fuzzy,Mahreen Razzaq Bhutto
2008,13,reserved_women,Munira Shakir,PPP,,none,
2008,13,reserved_women,Nafisa Shah,PPP,P10978,exact,Nafisa Shah
2008,13,reserved_women,Nahid Shahid Ali,MQM,,none,
2008,13,reserved_women,Reena Kumari,PML-F,,none,
2008,13,reserved_women,Rubina Saadat Qaim Khani,PPP,,none,
2008,13,reserved_women,Shagufta Jumani,PPP,,none,
2008,13,reserved_women,Shagufta Sadiq,MQM,,none,
2008,13,reserved_women,Shazia Marri,PPP,P07873,exact,Shazia Marri
2008,13,reserved_women,Sherry Rehman,PPP,,none,
2008,13,reserved_women,Surraiya Jatoi,PPP,,none,
2013,14,reserved_women,Aliya Kamran,JUI-F,,none,
2013,14,reserved_women,Kiran Haider,PML-N,,none,
2013,14,reserved_women,Naseema Hafeez Panezai,PkMAP,,none,
2013,14,reserved_women,Aaisha Gulalai,PTI,,none,
2013,14,reserved_women,Aisha,JI,,none,
2013,14,reserved_women,Begum Tahira Bukhari,PML-N,P09581,exact,Begum Tahira Bukhari
2013,14,reserved_women,Mussarat Ahmadzeb,PTI,,none,
2013,14,reserved_women,Naeema Kishwar Khan,JUI-F,,none,
2013,14,reserved_women,Nafeesa Inayatullah Khan Khattak,PTI,,none,
2013,14,reserved_women,Sajida Begum,PTI,,none,
2013,14,reserved_women,Shahida Akhtar Ali,JUI-F,,none,
2013,14,reserved_nonmuslim,Aasiya Nasir,JUI-F,,none,
2013,14,reserved_nonmuslim,Bhawan Das,PML-N,,none,
2013,14,reserved_nonmuslim,Darshan,PML-N,,none,
2013,14,reserved_nonmuslim,Isphanyar M. Bhandara,PML-N,,none,
2013,14,reserved_nonmuslim,Khalil George,PML-N,,none,
2013,14,reserved_nonmuslim,Lal Chand Malhi,PTI,,none,
2013,14,reserved_nonmuslim,Ramesh Kumar Vankwani,PML-N,,none,
2013,14,reserved_nonmuslim,Ramesh Lal,PPP,,none,
2013,14,reserved_nonmuslim,Sanjay Perwani,MQM,P11063,exact,Sanjay Perwani
2013,14,reserved_nonmuslim,Tariq Christopher Qaiser,PML-N,,none,
2013,14,reserved_women,Amra Khan,PML-N,,none,
2013,14,reserved_women,Anusha Rahman Ahmad Khan,PML-N,,none,
2013,14,reserved_women,Arifa Khalid Parvez,PML-N,,none,
2013,14,reserved_women,Asma Mamdot,PML-N,,none,
2013,14,reserved_women,Asyia Naz Tanoli,PML-N,,none,
2013,14,reserved_women,Ayesha Raza Farooq,PML-N,P09339,exact,Ayesha Raza Farooq
2013,14,reserved_women,Begum Majeeda Wyne,PML-N,P00139,exact,Majeeda Begum Wyne
2013,14,reserved_women,Belum Hasnain,PPP,,none,
2013,14,reserved_women,Farhana Qamar,PML-N,P12184,exact,Farhana Qamar
2013,14,reserved_women,Iffat Liaqat,PML-N,,none,
2013,14,reserved_women,Khalida Mansoor,PML-N,,none,
2013,14,reserved_women,Kiran Imran Dar,PML-N,,none,
2013,14,reserved_women,Leila Khan,PML-N,,none,
2013,14,reserved_women,Maiza Hameed,PML-N,,none,
2013,14,reserved_women,Marriyum Aurangzeb,PML-N,,none,
2013,14,reserved_women,Munaza Hassan,PTI,,none,
2013,14,reserved_women,Nighat Parveen,PML-N,,none,
2013,14,reserved_women,Parveen Masood Bhatti,PML-N,,none,
2013,14,reserved_women,Phyllis Azeem,PML-N,,none,
2013,14,reserved_women,Rida Khan,PML-N,,none,
2013,14,reserved_women,Romina Khurshid Alam,PML-N,,none,
2013,14,reserved_women,Sabiha Nazir,PML-N,,none,
2013,14,reserved_women,Seema Mohiuddin Jameeli,PML-N,,none,
2013,14,reserved_women,Shahnaz Saleem Malik,PML-N,,none,
2013,14,reserved_women,Shaista Pervaiz,PML-N,,none,
2013,14,reserved_women,Shakila Luqman,PML-N,,none,
2013,14,reserved_women,Shaza Fatima Khawaja,PML-N,,none,
2013,14,reserved_women,Shazadi Tiwana,PML-N,,none,
2013,14,reserved_women,Shazia Sohail Mir,PML-N,,none,
2013,14,reserved_women,Shireen Mehrunnisa Mazari,PTI,,none,
2013,14,reserved_women,Surriya Asghar,PML-N,P04444,fuzzy,Surraya Asghar
2013,14,reserved_women,Tahira Aurangzeb,PML-N,,none,
2013,14,reserved_women,Tahmina Daultana,PML-N,P00173,exact,Tehmina Daultana
2013,14,reserved_women,Zahra Wadood Fatemi,PML-N,,none,
2013,14,reserved_women,Zeb Jaffar,PML-N,,none,
2013,14,reserved_women,Alizeh Iqbal Haider,PPP,,none,
2013,14,reserved_women,Fouzia Hameed,MQM,P11354,exact,Fouzia Hameed
2013,14,reserved_women,Kishwer Zehra,MQM,,none,
2013,14,reserved_women,Mahreen Razaque Bhutto,PPP,P10995,fuzzy,Mahreen Razzaq Bhutto
2013,14,reserved_women,Marvi Memon,PML-N,P07890,exact,Marvi Memon
2013,14,reserved_women,Musarat Rafique Mahesar,PPP,,none,
2013,14,reserved_women,Nafisa Shah,PPP,P10978,exact,Nafisa Shah
2013,14,reserved_women,Nikhat Shakeel Khan,MQM,,none,
2013,14,reserved_women,Reeta Ishwar,PML-F,,none,
2013,14,reserved_women,Saman Sultana Jafri,MQM,P08068,exact,Saman Sultana Jafri
2013,14,reserved_women,Shagufta Jumani,PPP,,none,
2013,14,reserved_women,Shahida Rehmani,PPP,,none,
2013,14,reserved_women,Shahjehan,NPP,,none,
2013,14,reserved_women,Shazia Marri,PPP,P07873,exact,Shazia Marri
2013,14,reserved_women,Shazia Sobia,PPP,,none,
2013,14,reserved_women,Suraiya Jatoi,PPP,,none,
2013,14,reserved_women,Tahira Asif,MQM,P04500,exact,Begum Tahira Asif
2018,15,reserved_women,Aliya Kamran,MMA,,none,
2018,15,reserved_women,Munawara Bibi Baloch,PTI,P14887,exact,Munawara Bibi Baloch
2018,15,reserved_women,Prof. Dr. Shahnaz Baloch,BNP,,none,
2018,15,reserved_women,Rubina Irfan,BAP,P14874,exact,Rubina Irfan
2018,15,reserved_women,Begum Tahira Bukhari,PML-N,P09581,exact,Begum Tahira Bukhari
2018,15,reserved_women,Nafeesa Inayatullah Khan Khattak,PTI,,none,
2018,15,reserved_women,Naureen Farooq Ibrahim,PTI,,none,
2018,15,reserved_women,Sajida Begum,PTI,,none,
2018,15,reserved_women,Shaheen Naz Saifullah,PTI,,none,
2018,15,reserved_women,Shahida Akhtar Ali,MMA,,none,
2018,15,reserved_women,Shandana Gulzar Khan,PTI,P11910,exact,Shandana Gulzar Khan
2018,15,reserved_women,Uzma Riaz,PTI,,none,
2018,15,reserved_women,Zille Huma,PTI,,none,
2018,15,reserved_nonmuslim,Dr. Darshan,PML-N,,none,
2018,15,reserved_nonmuslim,Jai Parkash,PTI,,none,
2018,15,reserved_nonmuslim,James Iqbal,JUI-F,,none,
2018,15,reserved_nonmuslim,Jamshed Thomas,PTI,,none,
2018,15,reserved_nonmuslim,Kesoo Mal Kheeal Das,PML-N,P11170,exact,KESOO MAL KHEEAL DAS
2018,15,reserved_nonmuslim,Lal Chand,PTI,P14067,exact,Lal Chand
2018,15,reserved_nonmuslim,Naveed Aamir Jeeva,PPP,,none,
2018,15,reserved_nonmuslim,Ramesh Kumar Vankwani,PTI,,none,
2018,15,reserved_nonmuslim,Ramesh Lal,PPP,,none,
2018,15,reserved_nonmuslim,Shunila Ruth,PTI,,none,
2018,15,reserved_women,Aisha Ghaus Pasha,PML-N,,none,
2018,15,reserved_women,Aliya Hamza Malik,PTI,P13156,exact,Aliya Hamza Malik
2018,15,reserved_women,Andleeb Abbas,PTI,,none,
2018,15,reserved_women,Asma Qadeer,PTI,,none,
2018,15,reserved_women,Aysha Rajab Ali,PML-N,,none,
2018,15,reserved_women,Dr. Seemi Bukhari,PTI,,none,
2018,15,reserved_women,Dr. Shireen M. Mazari,PTI,,none,
2018,15,reserved_women,Farukh Khan,PML-Q,,none,
2018,15,reserved_women,Fauzia Behram,PTI,,none,
2018,15,reserved_women,Hina Rabbani Khar,PPP,P03143,exact,Hina Rabbani Khar
2018,15,reserved_women,Javaria Zafar Aheer,PTI,,none,
2018,15,reserved_women,Kanwal Shauzab,PTI,P13644,exact,Kanwal Shauzab
2018,15,reserved_women,Kiran Imran Dar,PML-N,,none,
2018,15,reserved_women,Maiza Hameed,PML-N,,none,
2018,15,reserved_women,Maleeka Ali Bokhari,PTI,,none,
2018,15,reserved_women,Marriyum Aurangzeb,PML-N,,none,
2018,15,reserved_women,Ms. Asiya Azeem,PTI,,none,
2018,15,reserved_women,Ms. Shakila Luqman,PML-N,,none,
2018,15,reserved_women,Munaza Hassan,PTI,,none,
2018,15,reserved_women,Musarrat Asif Khawaja,PML-N,,none,
2018,15,reserved_women,Nausheen Hamid,PTI,,none,
2018,15,reserved_women,Romina Khurshid Alam,PML-N,,none,
2018,15,reserved_women,Rubina Jamil,PTI,,none,
2018,15,reserved_women,Rukhsana Naveed,PTI,P13206,exact,Rukhsana Naveed
2018,15,reserved_women,Samina Matloob,PML-N,,none,
2018,15,reserved_women,Seema Mohiuddin Jameeli,PML-N,,none,
2018,15,reserved_women,Shahnaz Saleem Malik,PML-N,,none,
2018,15,reserved_women,Shaista Pervaiz,PML-N,,none,
2018,15,reserved_women,Shaza Fatima Khawaja,PML-N,,none,
2018,15,reserved_women,Sobia Kamal Khan,PTI,,none,
2018,15,reserved_women,Syeda Nosheen Iftikhar,PML-N,P12588,exact,Nosheen Iftikhar
2018,15,reserved_women,Tahira Aurangzeb,PML-N,,none,
2018,15,reserved_women,Tashfeen Safdar,PTI,,none,
2018,15,reserved_women,Wajiha Qamar,PTI,,none,
2018,15,reserved_women,Zahra Wadood Fatemi,PML-N,,none,
2018,15,reserved_women,Zeb Jaffar,PML-N,,none,
2018,15,reserved_women,Dr. Shazia Sobia Aslam Soomro,PPP,,none,
2018,15,reserved_women,Ghazala Saifi,PTI,,none,
2018,15,reserved_women,Kishwar Zehra,MQM,P11268,exact,Kishwar Zehra
2018,15,reserved_women,Mahreen Razzaq Bhutto,PPP,P10995,exact,Mahreen Razzaq Bhutto
2018,15,reserved_women,Mussarat Rafique Mahesar,PPP,,none,
2018,15,reserved_women,Nasiba Channa,PPP,,none,
2018,15,reserved_women,Naz Baloch,PPP,P07954,exact,Naz Baloch
2018,15,reserved_women,Nusrat Wahid,PTI,P14451,exact,Nusrat Wahid
2018,15,reserved_women,Nuzhat Pathan,PTI,,none,
2018,15,reserved_women,Saira Bano,GDA,P14043,exact,Saira Bano
2018,15,reserved_women,Shagufta Jumani,PPP,,none,
2018,15,reserved_women,Shahida Rehmani,PPP,,none,
2018,15,reserved_women,Shamim Ara Panhwar,PPP,,none,
2018,15,reserved_women,Syma Nadeem,PTI,,none,
2024,16,reserved_women,Ms. Shaista Khan,PML-N,,none,
2024,16,reserved_women,Shahida Begum,JUI-F,,none,
2024,16,reserved_women,Ms. Ghazala Anjum,PML-N,,none,
2024,16,reserved_women,Ms. Shaheen,PML-N,,none,
2024,16,reserved_women,Ms. Naeema Kishwar Khan,JUI-F,,none,
2024,16,reserved_women,Ms. Asma Arbab Alamgir,PPP,,none,
2024,16,reserved_women,Ms. Naima Kanwal,PPP,,none,
2024,16,reserved_women,Ms. Sadaf Ihsan,JUI-F,,none,
2024,16,reserved_women,Ms. Samar Haroon Bilour,PML-N,,none,
2024,16,reserved_women,Ms. Saeeda Jamshid,PML-N,,none,
2024,16,reserved_women,Ms. Tahira Aurangzeb,PML-N,,none,
2024,16,reserved_women,Ms. Shaista Pervaiz,PML-N,,none,
2024,16,reserved_women,Ms. Muneeba Iqbal,PML-N,,none,
2024,16,reserved_women,Ms. Nuzhat Sadiq,PML-N,,none,
2024,16,reserved_women,Ms. Musarrat Asif Khawaja,PML-N,,none,
2024,16,reserved_women,Ms. Seema Mohiud Din Jameeli,PML-N,,none,
2024,16,reserved_women,Ms. Shaza Fatima Khawaja,PML-N,,none,
2024,16,reserved_women,Ms. Romina Khurshid Alam,PML-N,,none,
2024,16,reserved_women,Ms. Wajiha Qamar,PML-N,,none,
2024,16,reserved_women,Ms. Zeb Jaffar,PML-N,,none,
2024,16,reserved_women,Ms. Kiranlmran Dar,PML-N,,none,
2024,16,reserved_women,Ms. Zahra Wadood Fatemi,PML-N,,none,
2024,16,reserved_women,Ms. Asia Naz Tanoli,PML-N,,none,
2024,16,reserved_women,Ms. Saba Sadiq,PML-N,,none,
2024,16,reserved_women,Ms. Farah Naz Akbar,PML-N,,none,
2024,16,reserved_women,Ms. Shahnaz Saleem Malik,PML-N,,none,
2024,16,reserved_women,Ms. Hina Rabbani Khar,PPP,P03143,exact,Hina Rabbani Khar
2024,16,reserved_women,Ms. Munaza Hassan,IPP,,none,
2024,16,reserved_women,Ms. Farakh Khan,PML-Q,P11862,fuzzy,Farah Khan
2024,16,reserved_women,Ms. Zainab Mehmood Baloch,PML-N,,none,
2024,16,reserved_women,Ms. Samina Khalid Ghurki,PPP,P01360,exact,Samin Khalid Ghurki
2024,16,reserved_women,Ms. Natasha Daultana,PPP,P06924,exact,Natasha Daultana
2024,16,reserved_women,Ms. Tamkeen Akhtar Niazi,PML-N,,none,
2024,16,reserved_women,Ms. Saira Tarar,PML-N,P04391,exact,Saira Afzal Tarar
2024,16,reserved_women,Ms. Erum Hamid Hameed,PML-N,,none,
2024,16,reserved_women,Ms. Huma Akhtar Chughtai,PML-N,,none,
2024,16,reserved_women,Ms. Mah Jabeen Khan Abbasi,PML-N,,none,
2024,16,reserved_women,Ms. Gulnaz Shahzadi,PML-N,,none,
2024,16,reserved_women,Ms. Shamaila Rana,PML-N,,none,
2024,16,reserved_women,Ms. Shazia Farid,PML-N,,none,
2024,16,reserved_women,Ms. Syeda Amnah Batool,PML-N,,none,
2024,16,reserved_women,Ms Rabia Naseem Farooqi,PML-N,,none,
2024,16,reserved_women,Ms. Sehar Kamran,PPP,,none,
2024,16,reserved_women,Dr. Sharmila Sahiba Faruqui Hashaam,PPP,,none,
2024,16,reserved_women,Ms. Shagufta Jumani,PPP,,none,
2024,16,reserved_women,Ms. Shahida Rehmani,PPP,,none,
2024,16,reserved_women,Ms. Syeda Shehla Raza,PPP,P11282,exact,Syeda Shehla Raza
2024,16,reserved_women,Ms. Mahtab Akbar Rashdi,PPP,,none,
2024,16,reserved_women,Ms. Mussarat Rafique Mahesar,PPP,,none,
2024,16,reserved_women,Ms. Mahreen Razzaq Bhutto,PPP,P10995,exact,Mahreen Razzaq Bhutto
2024,16,reserved_women,Dr. Shazia Sobia Aslam Soomro,PPP,,none,
2024,16,reserved_women,Ms. Naz Baloch,PPP,P07954,exact,Naz Baloch
2024,16,reserved_women,Ms. Nikhat Shakeel Khan,MQM,,none,
2024,16,reserved_women,Ms. Sabheen Ghoury,MQM,,none,
2024,16,reserved_women,Ms. Rana Ansar,MQM,,none,
2024,16,reserved_women,Ms. Sofia Saeed Shah,MQM,,none,
2024,16,reserved_women,Ms. Izbal Zehri,PPP,,none,
2024,16,reserved_women,Ms. Kiran Haider,PML-N,,none,
2024,16,reserved_women,Ms. Akhtar Bibi,PML-N,P12736,fuzzy,Akhtari Bibi
2024,16,reserved_women,Ms. Aliya Kamran,JUI-F,,none,
2024,16,reserved_nonmuslim,Kesoo Mal Kheal Das,PML-N,P11170,fuzzy,KESOO MAL KHEEAL DAS
2024,16,reserved_nonmuslim,Dr. Darshan,PML-N,,none,
2024,16,reserved_nonmuslim,Nelson Azeem,PML-N,,none,
2024,16,reserved_nonmuslim,Isphanyar M. Bhandara,PML-N,,none,
2024,16,reserved_nonmuslim,Ramesh Lal,PPP,,none,
2024,16,reserved_nonmuslim,Naveed Aamir,PPP,,none,
2024,16,reserved_nonmuslim,Ms. Neelam,PML-N,,none,
2024,16,reserved_nonmuslim,Mr. James Iqbal,JUI-F,,none,
2024,16,reserved_nonmuslim,Mr. Ramesh Kumar Vankwani,PPP,,none,
2024,16,reserved_nonmuslim,Sanjay Perwani,MQM,P11063,exact,Sanjay Perwani
